tieng_trung,tieng_viet
我 会 呆 两 天 。,Tôi sẽ ở lại trong hai ngày .
我 现在 在 机场 。,Bây_giờ tôi đang ở sân_bay .
玛丽 不 比 亨利 大 。,Mary không lớn hơn em_gái lớn hơn .
这些 问题 并不 新鲜 。,Những cái này có vấn_đề với những vấn_đề .
再 说 一 次 你 的 姓名 。,Làm_ơn nói lại lần nữa .
我 大概 有 三千 美元 。,Tôi có khoảng ba đô_la .
"当然 了 先生 , 可是 你 出 什么 事 了 ？","Chắc_chắn rồi , thưa ông , thưa ông ?"
你 需要 活动 。,Bạn cần trả phòng .
它 在 星期几 开 ？,Nó mở hay thứ mấy ?
"你 知道 日本 的 摔跤 传统 , 在 相扑 冠军 之间 有 一 个 是 美国人 吗 ？","Bạn có biết là một hướng_dẫn_viên tổng_hợp ở Nhật_Bản , Nhật_Bản không ?"
这 是 什么 宝石 ？,Đây là cái gì ?
就 一 个 包 吗 ？,Nó có sẵn_sàng không ?
我 想 要 个 椭圆 的 。,Tôi muốn một cái màu nâu .
"洗 个 头 , 照 以前 的 样子 做 一下 。","trước đây , làm móng tay phải không ?"
我 想 延长 至 2004 年 。,tôi muốn học 3 năm mới .
你 是 要 自己 取 还是 要 我们 寄给 你 呢 ？,Bạn muốn gửi chúng_tôi yêu_cầu của bạn hay bạn ?
我们 各 付 各 的 。,Hãy trả tiền của chúng_ta .
我们 为什么 不 平静 的 解决 这 件 事 呢 ？,Tại_sao chúng_ta không làm điều gì về việc này ?
请 把 它 包装 一下 。,Xin vui_lòng gói nó .
"再 不 要 了 , 谢谢 你 。","Không , cảm_ơn bạn nữa ."
我 推荐 一 对 耳环 。,Tôi đề_nghị một bông_tai .
大部分 日本人 吃 章 鱼 和 鱿鱼 。,Người thích ăn cá và cá_nhân .
我 想 要 半瓶 红 葡萄酒 。,Tôi muốn một nửa chai rượu_vang đỏ .
大概 就 几 天 。,Nó khoảng mấy ngày .
艺术 博物馆 什么 时间 营业 ？,Thời_gian chiếu bảo_tàng mở_cửa lúc mấy giờ ?
"对 不 起 , 我 把 自己 关 在 外面 了 。","Xin_lỗi , tôi đã tự mình ở bên ngoài ."
这个 菜 的 味道 很 怪 。,Thức_ăn của món ăn này rất ngon .
"哦 , 抱歉 。","Ồ , xin_lỗi ."
对 这个 地方 来说 我 是 个 陌生人 。,Đó là nơi tôi có_thể đối_với tôi .
我们 有 在 旧金山 中途 停留 去 亚特兰大 的 航班 。,Chúng_tôi có một chuyến bay San_Francisco đến San_Francisco .
那 之后 我 注意 到 我 的 钱包 不 见 了 。,Tôi không_thể gặp các mặt_hàng của tôi .
你 能 把 美元 换成 英镑 吗 ？,Bạn có_thể đổi đô_la sang bảng Anh không ?
谢谢 你 邀请 了 我 。,cám_ơn bạn đã mời tôi .
我 能 预约 明天 吗 ？,Tôi có_thể hẹn vào ngày_mai không ?
我 想 要 个 有 浴室 的 房间 。,Làm_ơn cho tôi một phòng có bồn_tắm .
让 我们 飞得 更 低 。,Hãy để chúng_ta càng sớm càng tốt .
日本 航空 公司 123 航班 。,Chuyến bay JAL .
我 把 自己 关 在 房间 里 了 。,Tôi đã tự mình trong phòng của tôi .
在 这 墙 上 空调 的 开关 在 这 。,Cửa_hàng trên máy_ảnh này .
我 想 要 个 靠 过道 的 座位 。,Tôi muốn một chỗ gần lối đi .
我 的 衬衫 有 汗味 。,Tôi có áo sơ_mi .
我 会 给 你 止 疼 药 。,Tôi sẽ cho bạn một_ít thuốc cảm lạnh .
"唔 , 我 不 知道 我 喜 不 喜欢 吃 那 个 。","À , tôi không biết ăn , tôi không thích ăn món đó ."
这 是 我 的 电话 号码 和 邮箱 地址 。,Đây là địa_chỉ nhà và số điện_thoại của tôi .
我 能 得到 多少 退税 ？,Tôi có_thể trả tiền vé cho bao_nhiêu ?
这个 违反 枪支 管理 法令 。,"Các thành_công , chính_xác này sẽ có_vẻ ."
我 还是 找 不 着 我 从 成田 机场 托运 的 任何 一 件 行李 。,Tôi không_thể tìm thấy hành_lý của tôi từ sân_bay .
你 有 靠 窗 的 桌子 吗 ？,Bạn có bàn gần cửa_sổ không ?
有 人 会 说 日语 吗 ？,Có ai biết nói tiếng Nhật không ?
一 瓶 葡萄 酒会 花 十 美元 左右 。,Một chai rượu whisky khoảng 10 đô_la .
别 着急 好 吗 ？,Bạn có_thể làm_ơn đừng lo_lắng không ?
但是 很 抱歉 我 要 迟到 半 个 小时 。,"Tôi rất xin_lỗi , nhưng tôi sẽ trễ khoảng nửa tiếng ."
"对 不 起 , 你 能 查看 下 我 的 沙拉 吗 ？","Xin_lỗi , bạn có_thể kiểm_tra nó cho tôi được không ?"
"洗脸 后 涂上 一 薄 层 , 避开 眼睛 和 发际线 。",Làm_ơn cho tôi một chiếc vòng giường ngủ và dịch_vụ giặt ủi .
您 能 把 您 的 信用卡 号码 和 有效期 告诉 我 让 我 为 您 预订 吗 ？,Bạn có_thể cho tôi số thẻ và số thẻ tín_dụng của bạn được không ?
这个 饮料 没有 酒精 ， 所以 你 可以 放松 因为 它 很 小 有 刺激物 。,"Nó không có sự lựa_chọn , vì vậy bạn có_thể ăn đồ uống rượu này ."
这 对 你 来说 肯定 是 个 沉重 的 打击 。,Nó chắc_chắn là một người đàn_ông tuyệt_vời .
我 能 申请 一些 保险 吗 ？,Tôi có_thể xin một_ít bảo_hiểm không ?
你 得 往回 走 。,anh phải đi đến gia_đình bạn .
每 个 三十 美金 。,mỗi 30 bảng Anh .
我 牙痛 。,Tôi bị đau răng .
在 AlaMoana 店 还 有 一 件 四 码 的 。,Có một cửa_hàng bán đĩa cho bốn đêm .
好 的 我 就 买 它 了 。,"Được rồi , tôi sẽ mua nó ."
我 对 交通 标志 太过 紧张 了 。,Tôi nghĩ nó quá nhiều đối_với xe_đạp .
这 辆 车 在 我 租用 之前 这儿 就 损坏 了 。,Tôi đã thuê xe này trong một chiếc xe_buýt .
可以 把 这 张 纸币 换成 硬币 吗 ？,Bạn có_thể đổi tiền này thành tiền xu được không ?
我 能 用 速度慢 的 寄 这个 邮件 吗 ？,Tôi có_thể gửi cái này bằng đường biển không ?
咖啡店 什么 时候 开门 ？,Mấy giờ quán cà_phê mở_cửa ?
九月 四日 星期五 飞往 东京 的 703 次 航班 。,Chuyến bay kế_tiếp đến Tokyo vào ngày thứ_sáu tháng 9 .
明天 怎么样 ？,Ngày_mai như thế_nào ?
这 是 我 的 保证书 。,Đây là bảo_hành của tôi .
我 想 要 重复 的 夏娜尔式 的 。,Tôi muốn mua một loại chất_liệu đầu_tiên .
日安 。,Ngày 15 tháng 10 .
我们 想 坐 的 靠近 街道 。,Chúng_tôi muốn ngồi gần sân_khấu .
跑道 在 哪 ？,Chiếc xe ở đâu ?
我 要 叫 个 医生 吗 ？,Tôi có_thể gọi một bác_sĩ được không ?
我 能 看看 便宜 点 的 吗 ？,Tôi có_thể xem cái nào rẻ hơn không ?
我 把 我 要 洗 的 衣物 放 哪 ？,Tôi có_thể giặt quần_áo của tôi ở đâu ?
我 今晚会 晚点 登记 请 保留 我 的 预订 。,Tôi muốn đặt phòng khách_sạn của tôi cho tối nay .
相机店 在 哪 ？,Cửa_hàng đồ ăn tối ở đâu ?
从 西雅图 来 的 火车 到 哪 条 轨道 ？,Đi đường nào đến Seattle vậy ?
典型 的 夏威夷 纪念品 是 什么 ？,"Các "" sản_xuất "" của "" là gì ?"
除夕夜 你 会 干 什么 ？,Bạn có_thể phát_hành lại gì không ?
我 撞 了 头 。,Tôi bị đau đầu .
这 是 您 房间 的 钥匙 。,Đây là chìa khóa phòng của bạn .
有 周末 的 安排 吗 ？,Bạn có Cuối tuần không ?
你 能 派 辆 拖车 来 吗 ？,Bạn có_thể gửi đến một chiếc xe_kéo không ?
你 有 艺术 的 眼光 。,Bạn có giấy chứng_minh_nhân_dân của bạn .
熟能生巧 。,Nó phụ_thuộc vào tiếng Anh .
旅行 愉快 。,Chúc chuyến đi vui_vẻ .
我 能 找到 你 住 的 地方 。,Tôi có_thể tìm thấy chỗ của bạn .
能 给 我 找 一 下 钱 吗 ？,Tôi có_thể tìm tiền thối lại được không ?
"挂机 吧 , 我 会 回电 。",Tôi sẽ gọi lại một_chút .
火车 发车 还 不 到 三十 秒 。,xe_lửa vẫn đến trung_tâm tháng 3 .
你 有 再 大 一 点 的 吗 ？,Bạn có cái lớn hơn không ?
在 星期三 晚上 。,Tôi đang ở vào ban_đêm .
我 想 快点 要 这些 衣服 。,Tôi muốn những bộ quần_áo này .
你 头痛 吗 ？,bạn đau đầu không ?
我 想 要 个 好 点 的 。,Tôi muốn một cái gì đó tốt hơn .
请 在 四点四十五 之前 到 三十九 号 门 。,Xin vui_lòng đến cổng khoảng 3 giờ 30 phút .
请 好好 想想 别 拉 什么 东西 。,Làm_ơn đừng lo_lắng về nó .
请 存 着 这些 包直 到 三点 。,Xin vui_lòng giữ hành_lý này đến 3 giờ .
今天 我 玩 的 很 愉快 。,Hôm_nay tôi rất vui .
我 拉肚子 。,Tôi bị tiêu_chảy .
大会堂 在 哪 ？,Nhà_hát lớn ở đâu ?
我 的 车 熄火 了 。,Xe của tôi bị hư .
我 想 要 一 小 壶 白 葡萄酒 。,Tôi muốn một bình rượu trắng nhỏ .
去 格林威治 村 坐 哪 条 线 ？,Chuyến tàu_điện_ngầm đi đâu ?
我 有 胃病 。,Tôi bị đau dạ_dày .
请 让 我 看看 我 今天 在 图画书 上 看到 的 那 种 鱼 。,Xin vui_lòng cho tôi xem những chiếc áo sơ_mi này để tôi xem những cái khác .
请 给 我 来 杯 牛奶 。,Làm_ơn cho tôi sữa .
好玩 吗 ？,thú_vị không ?
哦 在 新楼 的 中间层 。,"Ồ , nó đang ở giữa tòa nhà ."
这 件 罩衫 是 哪 产 的 ？,Cái đầm này làm thế_nào ?
这 颗 牙 折断 了 。,Cái răng này bị hư .
我 无论 如何 必须 得 坐 这个 航班 。,Tôi phải đi máy_bay của chuyến bay này .
这个 盒子 里 有 多少 ？,Có bao_nhiêu hộp trong hộp ?
这 的 本地 特色菜 是 什么 ？,Món đặc_sản ăn này là gì ?
步行 要 十多 分钟 吗 ？,Có đi bộ khoảng mười phút không ?
我们 一 分 也 不 降 了 。,Chúng_tôi cũng không_thể giảm giá .
那 个 冰激凌 非常 大 。,Nó rất lớn .
我 正在 找 件 衣服 。,Tôi đang tìm một chiếc áo đầm .
我 把 我 的 手指 烧伤 了 。,Tôi đã bị sốt nhẹ trên đường của tôi .
当然 了 。,Chắc_chắn rồi .
你 长途 旅行 有点儿 劳累 了 。,Bạn có một_số cuộc họp đi qua đường dài .
这 是 我 的 全名 和 住址 。,Đây là địa_chỉ của tôi .
你 可以 在 用 一些 快餐 。,Bạn có_thể sử_dụng nó ở một_ít .
对 不 起 打断 一下 让 我们 直 奔 主题 吧 。,"Xin_lỗi , chúng_tôi yêu_cầu quý khách_hàng chính_xác ."
请 来 些 不 带 滤咀 香烟 。,Làm_ơn cho một_ít thuốc_lá .
是 的 。 我 有 两 盒 烟 。,"Có , tôi có hai hộp thuốc_lá ."
我 想 吃 鱼 。,Tôi muốn dùng cá .
你 想要 牛排 怎么 做 ？,Bạn thích món bít tết của bạn như thế_nào ?
那 为什么 呢 ？,Tại_sao vậy ?
请 给 我 叫 个 医生 。,Xin vui_lòng gọi bác_sĩ cho tôi một bác_sĩ .
车站 附近 有 银行 吗 ？,Có trạm xe_buýt nào gần đây không ?
年轻 女士 用 的 。,Làm_ơn cho sử_dụng cái này .
你 可以 兑现 这 张 支票 吗 ？,Bạn có_thể đổi tiền_mặt séc này không ?
我们 想要 张靠窗 的 桌子 。,Chúng_tôi muốn một bàn gần cửa_sổ .
请 和 我 打 一 辆 出租车 。,Làm_ơn gọi tôi và một xe taxi .
请 给 我 打折 。,Làm_ơn giảm giá cho tôi .
在 纽约 。,Tại New_York .
我 恐怕 所有 的 座位 都 订 满 了 。,Tôi e rằng tất_cả chỗ ngồi được đặt trước .
"不 , 谢谢 你 。","Không , cảm_ơn bạn ."
地图 。,bản_đồ .
我 想 要 个 挂钟 。,Tôi muốn một chiếc áo_khoác .
我 想 让 他 回来 给 我 打 个 电话 。,Tôi sẽ yêu_cầu anh ấy gọi lại cho tôi .
你 要 从 这 出去 绕 过去 。,Bạn sẽ đi ra khỏi phía trước và rẽ phải .
你 能 换 一 张 十 美元 的 钞票 吗 ？,Bạn có_thể đổi tờ mười đô_la không ?
这个 看 上去 半生不熟 。,Cái này trông quá lớn .
你 可以 给 我 看看 款式 相同 的 另外 一 种 样式 的 吗 ？,Bạn có_thể cho tôi xem kiểu tương_tự nào khác không ?
我 今晚 得 呆 在 这里 了 不 是 吗 ？,Tôi có phải ở đây tối nay không ?
你 有 什么 低 热量 的 菜 吗 ？,Bạn có món ăn đặc_biệt nào không ?
是 鹿皮 钱包 。,Nó là ví tiền xu .
我 明天 再 回来 这里 。,Tôi sẽ trở_lại đây vào ngày_mai .
我 想 寄存 我 的 行李 。,Tôi muốn kiểm_tra hành_lý của tôi .
什么 都 没有 。,Không có gì cả .
我 在 哪 能 找到 游客 通知 ？,Tôi có_thể tìm thông_báo cho máy_bay ở đâu ?
你 有 今天 守卫 的 换防 表 吗 ？,Bạn có vui_lòng thay_đổi một ngày hôm_nay không ?
我 能 看看 你 的 驾照 和 信用卡 吗 ？,Tôi có_thể xem thẻ tín_dụng của bạn được không ?
音乐 节目 和 电影 被 列 在 飞行 杂志 里 。,tạp_chí và tạp_chí được tổ_chức trên chuyến du_lịch .
包括 服务费 了 吗 ？,Có bao_gồm phí dịch_vụ không ?
有 从 芝加哥 去 西雅图 的 航班 吗 ？,Có chuyến bay từ Chicago đến Chicago không ?
要 什么 汤 ？,súp gì ?
"还 没 定 呢 , 谢谢 你 。","Không , cảm_ơn bạn ."
五 美元 。,Nó là năm đô_la .
我 明天 就 要 走 了 。,ngày_mai tôi phải đi rồi .
夫人 。,"Thưa cô , thưa cô ."
"对 不 起 , 请 问 去 车站 怎么 走 ？","Xin_lỗi , nhưng bạn có_thể đến nhà_ga không ?"
请 把 这个 换成 西班牙 银币 。,Xin vui_lòng đổi cái này sang Tây_Ban_Nha .
"所以 , 完全 没有 问题 。","Vì vậy , do không có vấn_đề gì ."
这里 最 流行 什么 运动 ？,Nơi nào phổ_biến nhất ?
你 想要 这个 怎么 做 ？,Bạn thích cái này như thế_nào ?
请 把 你 的 姓名 地址 写 下来 。,Xin vui_lòng ghi địa_chỉ địa_chỉ của bạn .
哪 有 法国 餐馆 ？,Có nhà_hàng Pháp nào ở đâu ?
直 着 走 。,Đi thẳng về phía trước .
你 有 地方 搭 帐篷 吗 ？,Bạn có chỗ nào không ?
我 刚刚 从 日本 来到 这儿 。,Tôi vừa_mới từ đây đến Nhật_Bản .
今天 是 星期几 ？,Hôm_nay là thứ mấy ?
哦 ! 好 的 。,"Ồ , xin chào ."
这 是 1107 房间 。,Đây là phòng 120 .
关于 办公室 性骚扰 你 持 什么 意见 ？,Bạn có_thể làm bất_cứ chuyện gì cho mọi người làm_việc chăm_chỉ ?
是 衣服 。,Nó là quần_áo .
我 想 知道 我 的 脖围 。,Tôi tự hỏi liệu tôi muốn đánh_giá .
这个 市场 的 竞争 怎么样 ？,Chợ của thị_trường này ra_sao ?
这 是 什么 费用 ？,Giá này là gì ?
上 下 一 辆 巴士 。,Xe_buýt tiếp_theo .
一半 的 价钱 如何 ？,giá tiền cho gia_đình như thế_nào ?
我 要 洗 的 衣服 还 没 送 回来 。,Tôi chưa nhận được giặt quần_áo của tôi .
以 这 座 塔位 背景 。,Xin vui_lòng cho hai chỗ ngồi gần đây .
请 在 中转 休息室 等一会儿 。,Làm_ơn chờ một lát ở đó .
我 打赌 这 有 人 吸毒 。,Tôi đã đánh_giá bao_nhiêu người đây .
这 是 石英 的 吗 ？,Đây có phải là hóa đơn không ?
我 必须 早上 8：00 到 机场 。,Tôi phải đến sân_bay lúc tám giờ sáng .
这样 的 布料 我 要 两 码 谢谢 。,Xin vui_lòng cho tôi hai tờ 25 như vậy .
这个 房间 太 暗 了 。,Căn phòng này quá .
有 彩色 的 图 吗 ？,Bạn có bản_đồ màu không ?
你 能 在 图上 给 我 指 一下 吗 ？,Bạn có_thể giữ hành_lý của tôi trên bản_đồ không ?
我 穿 七 尺码 。,Tôi sẽ mặc cỡ 7 .
有 市区 的 名胜 导游 图 吗 ？,Bạn có bản_đồ hướng_dẫn_viên du_lịch nào không ?
唔 ! 我 考虑 考虑 它 。,"Vâng , tôi đang suy_nghĩ về nó ."
这个 领子 皱 了 。,Cái này được chuẩn_bị .
桌面 出版 系统 目前 相当 普遍 。,Đối_với ba mươi phần_trăm .
哦 。,"Ồ , nó đây ."
我 该 坐 哪 条 线 ？,Tôi nên bắt xe_buýt nào ?
请 享用 我们 九十九 层 餐馆 的 欧式 早餐 。,Xin vui_lòng cho chúng_tôi nhà_hàng trên tầng thứ_bảy .
这些 东西 我 也 要 申报 吗 ？,Tôi cũng có phải khai_báo không ?
我们 在 绿灯 的 时候 正 要 过 马路 。,Chúng_tôi đang ở phía trước khi băng qua đường .
能 给 我 拿 个 地图 吗 ？,Tôi có_thể có một bản_đồ không ?
我们 七点见 。,Chúng_ta hãy gặp nhau lúc 7 giờ .
我们 要 去 那里 的 餐馆 吃饭 吗 ？,Chúng_ta sẽ đi đến nhà_hàng ở đó phải không ?
今晚 有 表演 吗 ？,tối nay có biểu_diễn tối nay không ?
我 可以 试试 大 一 码 的 吗 ？,Tôi có_thể thử cỡ lớn hơn không ?
温柔 一点 爱 我 。,Tôi muốn một_ít dầu gội đầu .
我 换 到 其他 座位 可以 吗 ？,Tôi có_thể đổi chỗ ngồi khác không ?
下 一 趟 车 什么 时候 来 ？,Chuyến tiếp_theo đến khi nào ?
只要 他 一 回来 他 就 会 马上 过去 。,Ông ấy sẽ trở_lại ngay sau đó .
我 喜欢 民间 音乐 。,tôi thích âm_nhạc âm_nhạc .
现在 请 付 钱 吧 。,Hãy trả tiền bây_giờ đi .
东京 什么 时间 ？,Khi nào vậy ?
你 想要 什么样 的 房间 ？,Bạn muốn loại phòng nào ?
你 能 帮 我 把 行李 拿 下来 吗 ？,Bạn có_thể mang hành_lý của tôi xuống được không ?
西贡 小姐 是 在 这里 排队 吗 ？,chị ơi ở đây có phải là bệnh tiểu_đường không ?
我 所有 的 衣服 都 在 那 。,Tất_cả những quần_áo của tôi đều ở đó .
我们 去 海滩 吧 。,Chúng_ta hãy đi đến bãi_biển .
我 的 一 个 包 损坏 了 。,Tôi đã có một túi_xách của tôi .
我们 用 备用 钥匙 打开 房间 。,Chúng_tôi mở_cửa bằng chìa khóa phòng của chúng_tôi .
是 当地产 的 吗 ？,Nó có phải là địa_phương không ?
那 首先 你 应该 给 酒店 打 电话 问问 他们 在 酒店 是否 找到 了 你 的 相机 。,Tại khách_sạn mà bạn gọi điện_thoại cho họ đã gọi điện_thoại cho bạn khi họ tìm khách_sạn tiền tại khách_sạn .
几 路 巴士 ？,xe_buýt số mấy ?
有 公用 电话 吗 ？,Có điện_thoại không ?
我 要 买 只 口红 。,Tôi chỉ cần mua một son môi .
请 把 这 件 行李 拿到 出租 车站 。,Xin vui_lòng mang hành_lý này cho đến trạm taxi .
这 饭 很 好吃 但是 我 吃 不 完 。,nhưng tôi không ăn ngon lắm .
我 朋友 昏倒 了 脸 朝下 趴 着 。,Tôi đang ở chỗ bạn của tôi .
请 来 这个 。,Làm_ơn cho cái này .
我 正在 找 件 长裤 套装 。,Tôi đang tìm một chiếc áo len dài .
发车 时间 是 十点 十五 。,10 giờ 15 phút đi .
我 还 要 买 别的 东西 。,Tôi còn phải mua cái gì khác .
然后 换 火车 。,Sau đó đổi xe_lửa .
航空 邮件 ？,Gửi thư bằng đường_hàng_không ?
请坐 。,mời ngồi .
我 想 要 全额 保险 。,Tôi muốn một bảo_hiểm .
上面 有 个 米老鼠 的 贴画 。,Có một trận bóng_đá trên bảng Anh .
我 想 把 那 个 算 到 我 的 房费 里 。,Tôi muốn nó trong phòng của tôi .
我 想 你 应该 节食 了 。,Tôi nghĩ bạn nên đi ăn .
一 个 只 要 一 美元 五十 美分 。,chỉ cần 1 đô_la và 1 xu .
这 是 个 我 药 带到 日本 去 得 纪念品 。,Đây là một món quà lưu_niệm đến Nhật_Bản .
我 会 考虑 它 。,Tôi sẽ suy_nghĩ về nó .
你 能 把 我 拖到 下 个 加油站 吗 ？,Bạn có_thể đưa tôi một cây thẻ tín_dụng được không ?
我们 已经 做好 了 对 你们 提出 的 所有 问题 做出 迅速 解答 的 准备 。,Các bạn đã chuẩn_bị kinh_doanh như thế_giới chúng_tôi đã có vấn_đề với các bạn .
这个 看 上去 怎么样 ？,Cái này trông như thế_nào ?
如果 出事 故我 与 谁 联系 ？,Nếu có_thể liên_hệ với ai đó không ?
我们 马上 联系 所有 和 这 件 事 有关 的 人 吧 。,Chúng_ta hãy liên_hệ với mọi người này .
"我 可以 给 你 追光 四十二 美元 一 周 , 无限 的 英里数 。",Tôi có_thể cho bạn một câu_lạc_bộ khiêu_vũ đô_la .
我 做 了 从 八月 二十四日 到 二十七日 的 预订 。,Tôi đã đặt phòng từ ngày 27 tháng 8 .
能 告诉 我 您 的 联系 地址 吗 ？,Bạn có_thể cho tôi biết địa_chỉ của bạn được không ?
我们 何 不 明天 一起 吃 午餐 ？,ngày_mai chúng_ta cùng ăn trưa cùng nhau không ?
我 想 要 个 电话卡 。,Tôi muốn một thẻ tín_dụng .
请 立即 送来 。,Làm_ơn nói_chuyện với gia_đình .
有 针线 盒 吗 ？,Có một hộp_thư ở đây không ?
好天 是 吧 ？,Ngày_mai phải không ?
你 能 帮 我 把 包 放 在 上面 的 吊挂箱 里 吗 ？,Bạn có_thể giữ túi của tôi trong tủ quần_áo được không ?
你 还 能 接通 吗 ？,Bạn có_thể nối máy được không ?
这 是 带 一 根 钢笔 和 一 根 铅笔 的 套装 。,Đây là một cây_viết và một cây bút_máy .
因为 你 能 看到 邮局 前面 的 旗子 。,Bạn có_thể nhìn ra cửa_sổ phía trước mặt phía trước .
噢 ! 先生 你 人 真 好 。,"Rất tốt , thưa ông ."
吃 点儿 小吃 就 行 了 。,ăn thức_ăn thì được .
我 是 个 外国人 。,Tôi là người nước_ngoài .
现在 我 得到 了 一 个 靠 窗户 的 座位 。,Bây_giờ tôi đang ở chỗ cửa_sổ .
换车 。,đổi xe .
我 和 你 他 她 一样 大 。,Tôi với anh ấy lớn hơn anh ấy .
三百五十 美元 ？,Một trăm đô_la phải không ?
我 想 要 一 顶 游泳帽 。,Tôi muốn có một chiếc cà_phê .
今晚 的 表演 还 有 座位 吗 ？,Có chỗ nào tối nay không ?
我 能 和 你 谈谈 吗 ？,Tôi có_thể nói_chuyện với bạn không ?
我 不 知道 。,Tôi không biết .
谢拉顿 酒店 在 那 附近 吗 ？,Khách_sạn gần đó phải không ?
"好 , 我 想 要 鱼 。","Vâng , tôi muốn cá ."
我 把 一些 东西 落 在 房间 里 了 。,Tôi đã để quên thứ trong phòng của tôi trong phòng .
我 想 我们 要 共同 探讨 国家 的 艺术 文化 。,Tôi muốn thực_hiện một văn_phòng của chúng_tôi .
恐怕 你 的 行李 现在 在 前往 巴西 的 途中 。,Tôi e rằng bạn đã đặt chỗ trước một_chút ở đằng kia .
我们 需要 减少 预算 。,Chúng_tôi cần phải làm thủ_tục nhập_cảnh .
只是 玩 。,Chỉ một_chút thôi .
我 想 给 我 儿子 买 个 纪念品 。,Tôi muốn mua một món quà lưu_niệm cho tôi .
松开 安全带 可以 吗 ？,Bạn có_thể thắt_chặt dây an_toàn không ?
餐桌 摆好 了 吗 ？,đã được chuẩn_bị xong chưa ?
"如果 有 事 , 请 与 我 联系 。","Nếu có việc , xin vui_lòng liên_hệ với tôi ."
你 能 推荐 一 个 好 的 流行 皮包 店 吗 ？,Bạn có_thể giới_thiệu cửa_hàng nào tốt hơn không ?
约 哪 ？,Tôi có_thể hẹn ở đâu ?
剪 个头 要 多 长 时间 ？,Mất bao_lâu để cắt tóc ?
我们 还 有 一 间 。,Chúng_tôi vẫn còn có một phòng .
沿路 有 什么 标志物 吗 ？,Bạn có loại đường nào để khai_báo không ?
请 用 简单 点 的话 解释 一下 。,Xin vui_lòng giải_thích nó được giải_thích .
能 给 我 拿 个 枕头 吗 ？,Tôi có_thể có một cái gối không ?
对 不 起 给 您 找 麻烦 了 。,"xin_lỗi , làm phiền ông ."
"唔 , 我 能 要 那 张 靠 窗户 的 桌子 吗 ？","Vâng , tôi có_thể có bàn gần cửa_sổ không ?"
"我 用 现金 付 , 让 我 先 看看 。","để tôi xem tiền_mặt trước , để tôi xem tiền_mặt ."
我 想 租 些 球棒 。,Tôi muốn thuê một_ít thuốc .
星期五 晚上 是 谁 表演 ？,Ai là buổi biểu_diễn vào tối thứ_sáu ?
这 种 样式 有 28 ， 31 和 35 公分 大小 的 。,"Chiếc đồng_hồ này có bị hoãn , một_chút ."
有 什么 啤酒 ？,Bạn có bia gì ?
我 是 个 保险 代理员 。,Tôi là một bảo_hiểm du_lịch .
"不 , 我们 去年 来 过 这里 。","Không , chúng_tôi đã đến đây năm_ngoái ."
你 就 在 这 取 。,Bạn sẽ lấy nó ở đây .
购物 中心 在 哪 ？,Tôi có_thể mua_sắm ở đâu ?
我们 最好 现在 找 一下 联合 航空 公司 的 柜台 。,Bây_giờ chúng_ta đang tìm chuyến bay của hãng hàng_không United .
我 能 用 这 张 票 换车 吗 ？,Tôi có_thể đổi vé này không ?
你 能 把 我 安排 在 星期二 上午 吗 ？,Bạn có_thể vui_lòng sắp_xếp buổi sáng cho tôi vào buổi sáng được không ?
不 可能 是 真的 。,Không thực_sự có_thể .
在 这 条 街 的 尽头 。,Nó ở cuối đường này .
"顺便 问 一下 , 你们 怎样 测试 程序 ？","Nhân_tiện , các bạn có_thể cho tôi biết không ?"
我 可以 叫 房间 服务 吗 ？,Tôi có_thể gọi dịch_vụ phòng của tôi được không ?
我 的 一 个 约 会 要 迟到 了 。,Tôi sẽ đến muộn sớm .
请 包括 一些 零 钱 。,Xin vui_lòng bao_gồm một_số tiền_lẻ .
我们 这 还 有 几 辆 小型 汽车 。,Chúng_tôi vẫn còn vài chiếc xe ô_tô này .
请 带给 我 一 小 瓶 凉 的 矿泉水 。,Làm_ơn cho tôi một chai nước_khoáng .
请 再 查 一下 。,Xin vui_lòng kiểm_tra lại nó lại .
请 照 个 X 光 。,Vui_lòng chụp X_quang .
我们 在 纽约 只有 一 天 。,Chúng_tôi chỉ có một ngày ở New_York .
有 其他 运动 用具 吗 ？,Bạn có bảo_hiểm thiết_bị không ?
没有 处方 我们 什么 都 不 能 卖 。,"Không , chúng_tôi không có bán gì hết ."
是 的 这 不 是 我 的 相机 。,Đây không phải là máy_ảnh của tôi .
晚会 上 我 很 愉快 。,Tôi rất vui .
我 想 预约 明天 。,Tôi muốn đặt phòng cho ngày_mai .
我 有 个 车胎 漏气 了 。,Tôi có một máy_tính nhẹ .
请 系 好 安全带 不 要 吸烟 直 到 飞机 起飞 后 好 吗 ？,Bạn có_thể vui_lòng hút thuốc cho đến khi cất_cánh không ?
我 去 哪 个 窗口 买 邮票 ？,Tôi có_thể mua một con tem ở đâu ?
您 能 告诉 我 飞往 芝加哥 的 时间 吗 ？,Bạn có_thể cho tôi biết thời_gian đến Chicago không ?
其实 我们 现在 罩衫 大 减价 。,Bây_giờ chúng_ta đang nói_chuyện với nhau .
你 现在 住 哪 ？,Bây_giờ bạn đang ở đâu ?
你 有 什么 问题 吗 ？,Bạn có vấn_đề gì không ?
只是 做 一下 。,Chỉ cần làm nó .
你 能 给 我 讲 一下 出租 车站 在 哪 吗 ？,Bạn có_thể chỉ cho tôi trạm taxi ở đâu không ?
腹部 周围 有点 太 紧 了 。,Nó hơi chật đối_với nó quá chật .
什么 时候 结帐 ？,Khi nào nó sẽ thanh_toán ?
只是 修 一下 。,Chỉ cần sửa nó .
您 周五 什么 时候 回车 里 ？,Bạn sẽ trở_lại xe_buýt lúc mấy giờ ?
要 肉汁 清汤 谢谢 。,Xin vui_lòng cho nước sốt cà_chua .
它 是 TeatroallaScala 。,Đó là một chiếc áo thun .
我 能 看看 橱窗 里 右边 第二 件 衣服 吗 ？,Tôi có_thể xem chiếc áo_khoác thứ hai ở cửa_sổ được không ?
我 有 风寒 。,Tôi có gió lớn .
我 能 做 什么 ？,Tôi có_thể làm gì ?
我 找 只 笔 。,tôi chỉ tìm được .
请 把 这个 破成 五 个 十便士 的 。,Làm_ơn đổi cái này sang năm tờ 10 .
有 去 市区 的 机场 巴士 吗 ？,Có xe_buýt nào đến sân_bay không ?
BarnesandNobles 在 哪 ？,Tôi có_thể tìm xe_buýt ở đâu ?
我 想 要 个 带 浴室 的 房间 。,Làm_ơn cho tôi một phòng có bồn_tắm .
这个 衣服 不 适合 我 。,Cái này không hợp với tôi .
离开 前 请 随意 用 我们 这儿 的 化妆品 化妆 。,Xin vui_lòng sử_dụng chúng_tôi rời khỏi đây .
我 可以 要 些 鸡蛋 吗 ？,Tôi có_thể có một_ít trứng luộc không ?
那 是 个 很 大 的 农场 。,Đó là một sân_khấu lớn rất lớn .
哪 能 买到 锅 ？,Tôi có_thể mua một hộp ở đâu ?
能 给 我 拿 一 杯 白 葡萄酒 吗 ？,Cho tôi một ly rượu_vang trắng được không ?
我 要 洗发 烫发 。,Tôi muốn uốn_tóc .
哪 种 车 的 性能 好 。,"Được rồi , nó sẽ tốt hơn ."
你 为什么 干 那 件 事 ？,Tại_sao bạn làm điều đó ?
这个 咖里饭 很 辣 。,Món này rất ngon .
冷风吹 的 都 有 裂痕 了 。,Có cái gì đó đã bị thất_lạc .
什么 时候 开饭 ？,Mấy giờ quán cà_phê ?
您 要 去 哪 ？,ông muốn đi đâu ?
给 我 做 一点 。,Hãy đưa cho tôi một_chút .
这 是 去 芝加哥 的 火车 吗 ？,Đây có phải là chuyến xe_lửa đến Chicago không ?
其实 这个 葡萄干 布丁 安妮 是 给 自己 要 的 。,"Đó là một bộ sưu_tập bộ com-lê này , vì vậy hãy tự_động ."
"然后 , 他 拿 着 它 逃跑 了 。","Sau đó , anh ấy thấy nó ra ngoài rồi ."
我 想 要 一 个 沿着 一 垒线 的 内场 座位 谢谢 。,Làm_ơn cho tôi một sân bóng_đá .
请 写 一 份 偷窃 报告 。,Xin vui_lòng báo_cáo về vụ trộm_cắp .
能 给 我 兩张 成人 的 和 一 张 儿童 的 去 芝加哥 的 票 吗 ？,Làm_ơn cho tôi một vé người_lớn và một vé đến Chicago không ?
那 就 改天 吧 。,vậy thì ngày khác .
她 非常 漂亮 。,Cô ta đẹp .
还 有 多 长 时间 到 洛杉机 ？,Sẽ mất bao_lâu để đến Los_Angeles ?
我 买 不 起 这么 贵 的 一 个 东西 。,Tôi rất xin_lỗi để mua một cái gì đó .
这个 镇 上 的 灰狗 长途 汽车 公司 的 汽车站 在 哪 ？,Tôi có_thể lên xe_buýt đến bến nước_ngoài ở đâu ?
能 取消 我 的 预订 吗 ？,Tôi có_thể đặt chỗ trước của tôi không ?
今年 比 往年 冷 但是 还 没 冷到 要 下雪 。,năm nay còn lạnh hơn nhiều .
这个 确实 很 好吃 。,Cái này rất ngon .
我 想 要 个 野餐篮 。,Tôi muốn một bữa ăn ngon .
我 是 欧洲人 。,Tôi đến từ châu Âu .
我 听 说 你 是 个 设计师 。,Tôi nghe nói bạn là kỹ_sư .
我 想 要 一百 美元 的 筹码 谢谢 。,Làm_ơn cho tôi một trăm đô_la .
你 的 职业 是 什么 ？,Bạn làm gì vậy ?
有 全 天 游 吗 ？,Có chuyến du_lịch trong ngày không ?
有 可能 吗 ？,Có_thể không ?
你 知道 我 吃到 了 美国 的 苹果 馅饼 。,Tôi biết liệu bạn có_thể ăn nhẹ ở Mỹ .
你 能 在 百 忙 中 抽 时间 来 实在 是 太 好 了 。,Bạn rất bận_tâm thời_gian có_thể tốt tại_sao .
在 哪 坐 巴士 ？,Tôi có_thể bắt xe_buýt ở đâu ?
什么 时候 发布 ？,Khi nào nó bắt_đầu ?
谢谢 你 招待 我 。,Cảm_ơn bạn .
请 明天 早上 把 它们 放 在 你 房间 的 外面 。,Xin vui_lòng đặt phòng vào sáng ngày_mai .
你 好 很 高兴 见到 你 。,Rất vui được gặp bạn .
我 想 买 些 药效 强 的 感冒药 。,Cho tôi một_ít thuốc cảm lạnh .
我 能 有 优惠 吗 ？,Bạn có giảm giá cho tôi không ?
请 带 我 去 阿比路 。,Làm_ơn đưa tôi đến đường A .
我 确信 我 有 预约 。,Tôi muốn đặt chỗ cho tôi .
我 能 在 这里 照 张 像 吗 ？,Tôi có_thể chụp ảnh ở đây không ?
真巧 在 这 碰见 你 。,Nhà_thờ này bạn ở đây .
那 。,Cái đó .
哪 是 化妆品 部 ？,Khu dành cho mẹ ở đâu ?
马上 就 到 出发 时间 了 。,thời_gian sẽ đến ngay bây_giờ .
我 想 把 这个 包 一下 。,Tôi muốn gói cái này .
它 超过 了 我 的 预算 。,Nó là máy_tính của tôi .
年龄 最 小 的 怎么 做 这个 ？,trường_hợp này làm thế_nào ?
太 难 了 。,Nó rất khó .
你 有 回 日本 的 返程 票 吗 ？,Bạn có vé khứ_hồi của Nhật_Bản không ?
我 想 预订 明天 早上 一局 高尔夫球 。,Tôi muốn đặt một phòng đôi vào sáng ngày_mai .
我 想 你 应该 试 一 件 颜色 明亮 一点 的 。,Tôi nghĩ bạn nên thử một cái màu trắng .
待会 请 让 我 知道 费用 。,Xin vui_lòng cho tôi biết chi_phí sau .
亨瑞 有 什么 我 能 做 的 吗 ？,Bạn có_thể làm gì cho tôi không ?
在 哪 能 买到 篮球 比赛 的 票 ？,Tôi có_thể mua vé xem trận_đấu bóng_chày ở đâu ?
那边 有 一 个 旅馆 预定 的 免费 电话 。,Có một chiếc điện_thoại công_cộng ở đằng kia .
我 的 孩子 摔 了 一 跤 。,Tôi bị đau âm_thanh .
但是 当 我 回到 酒店 计算 了 一下 却 发现 那 个 人 拿走 太 多 了 。,Có_lẽ tôi đã trở_lại một khách_sạn vừa_qua .
如果 你 愿意 你 可以 另 付费 要 一 份 英式 早餐 。,"Nếu bạn muốn ăn sáng , bạn có_thể dùng bữa ăn sáng ."
我 要 一百 克 这个 。,Tôi sẽ lấy một trăm đô_la .
吹风机 坏 了 。,Máy_rút bị hư rồi .
我 是 个 家庭 主妇 。,Tôi là một gia_đình .
一 个 咖啡兩 个 茶 。,Làm_ơn cho hai tách cà_phê .
我 想 给 自己 定购 一 件 深色 的 套装 。,Tôi muốn mua cho một bộ com-lê .
对 不 起 还 没 准备 。,"Xin_lỗi , nhưng chưa sẵn_sàng ."
请 换 一下 这个 好 吗 ？,Bạn có_thể vui_lòng đổi cái này được không ?
你 能 换 个 大 点 尺寸 的 吗 ？,Bạn có_thể đổi cỡ lớn hơn không ?
我 想 登记 。,Tôi muốn đăng_ký .
我 要 穿上 盛装 吗 ？,Tôi có phải mặc quần_áo không ?
不 带 淋浴 的 三 人间 多少 钱 ？,Bạn có bao_nhiêu cho ba cái máy_bay không ?
"对 不 起 , 我 要 出去 。","xin_lỗi , tôi muốn đi ra ngoài ."
我 正 感冒 了 。,Tôi bị cảm .
颜色 是 没 问题 但是 大小 还 不 对 。,"Không , nhưng vấn_đề gì hết ."
我 已经 把 购买 协议 丢 了 但是 我 有 号码 的 副本 以及 发行地 。,Tôi đã làm_ơn cho tôi xem những bộ_đồ lộ_trình thể_thao của tôi .
我 能 在 大门口 买 一 张 票 吗 ？,Tôi có_thể mua vé trước không ?
你 是 在 旅游 吗 ？,Bạn đang đi du_lịch phải không ?
我 应该 把 车 停 在 哪 呢 ？,Tôi nên xuống xe ở đâu ?
一切 都 会 好 起来 的 。,Mọi thứ đều tốt_đẹp .
这 有 吃 东 西 的 地方 吗 ？,Có nơi nào ngon ở đây không ?
请来 英文 报纸 。,Xin vui_lòng cho tờ báo tiếng Anh .
我 最 怀念 的 是 温泉 。,Tôi là những chiếc quần_áo nhất .
哦 ？,"Ồ , nó vậy ?"
亚历 桑那 州 像 个 蒸汽浴 。,Vương_Cường từ_điển trẻ_em như thế_giới .
请 给 我 看 一下 您 的 护照 和 入境表 。,Xin vui_lòng cho tôi xem hộ_chiếu và xem hộ_chiếu của bạn .
我 想 要 这个 帽子 。,Tôi muốn cái này .
你 能 查查 电池 吗 ？,Bạn có_thể kiểm_tra pin được không ?
你 的 钱包 里 有 多少 钱 ？,Bạn có bao_nhiêu tiền trong ví của bạn ?
如果 您 已经 很 清楚 合同 了 请 签字 。,xin_lỗi vì đã rõ_ràng đó .
你 碰巧 知道 我 手提箱 的 事 吗 ？,Bạn có biết nơi tôi có_thể yêu_cầu bồi_thường không ?
我 要 给 它 保险 。,Cho tôi bảo_hiểm .
你 是 怎么 吃 的 ？,Bạn thích nó như thế_nào ?
最 早 什么 时候 能 做完 ？,Khi nào thì tốt nhất có_thể đóng_cửa sớm nhất ?
我 不 大 同意 他 说 的 话 。,Tôi đồng_ý với anh ta không đồng_ý .
有 袖珍 手表 吗 ？,Bạn có đồng_hồ trên đồng_hồ không ?
我 可以 把 包放 在 这里 吗 ？,Tôi có_thể đặt nó ở đây không ?
我 想要 最 安静 的 房间 。,Tôi muốn yên_tĩnh nhất .
你 能 给 我 四分之一 磅 切成 薄片 的 瑞士 乳酪 吗 ？,Bạn có_thể cho tôi một bản_sao về nước sốt cà_chua được không ?
因为 大多数 主要 公司 的 表现 都 不 好 。,Các công_ty thực_sự không tốt .
我 想 要 个 化妆品 袋 。,Tôi muốn một cái bánh ngọt .
这个 车 多少 钱 ？,Chiếc xe này bao_nhiêu tiền ?
我 能 试 下 这个 吗 ？,Tôi có_thể thử cái này không ?
你 能 推荐 一些 我 能 当日 往返 的 地方 吗 ？,Bạn có_thể giới_thiệu một_số nơi thú_vị trong ngày_mai không ?
你 或许 可以 试 一下 H 酒店 和 C 酒店 。,Có_thể bạn bất_kỳ khách_sạn nào trong khách_sạn của bạn .
我 该 在 着陆 前 填写 这个 调查表 吗 ？,Tôi nên điền vào mẫu đơn này trước khi chúng_tôi phải không ?
什么 时候 结束 旅程 ？,Khi nào nó kết_thúc ?
便宜 一点 。,rẻ một_chút .
我 想 要 张光盘 。,Tôi muốn một tờ giấy_phép .
非常 适合 我 。,Nó rất hợp với tôi .
我 被 邀请 来 这里 介绍 一下 我们 的 新 产品 。,Tôi sẽ giới_thiệu một_số địa_điểm nổi_tiếng ở đây .
现在 在 哪 演 ？,Bây_giờ đang ở đâu ?
我 希望 我 是 你 。,Tôi hy_vọng bạn .
请 给 我 急救 。,Xin vui_lòng sơ_cứu cho tôi .
去 那 要 换车 吗 ？,Tôi có_thể đổi xe_lửa đến đó không ?
我 胃疼 。,Tôi bị đau dạ_dày .
顺便 问 一下 PG 15 是 什么 意思 ？,"Nhân_tiện , xin hỏi là gì ?"
劳驾 我 能 换 一 个 位子 吗 ？,Tôi có_thể thay_đổi một chỗ ngồi được không ?
我 的 胃 很 疼 。,Tôi bị đau dạ_dày của tôi .
能够 得到 项目 的 原材料 是 非常 重要 的 。,"Vâng , tất_cả những gì đã quan_trọng như thế này ."
拿出 贵重 物品 。,Những vật có giá_trị .
我 不 十分 确定 。,Tôi không chắc .
请 把 它 当 个 篮子 用 。,Làm_ơn làm nó ra ngoài .
你们 什么 时候 供应 下 一 顿 饭 ？,Khi nào bạn phục_vụ bữa tiệc này ?
我 通常 八点 离家 上学 。,Tôi thường đi học lúc 8 giờ .
我 能 把 这个 退 了 吗 ？,Tôi có_thể trả lại cái này không ?
这 是 风俗 的 问题 。,Đây là vấn_đề của vấn_đề .
那么 我们 无须 到 海关 申报 。,"Sau đó , chúng_tôi đang ở nhà_hàng hải_quan ."
我 想 住 一百 美元 以下 的 。,Tôi muốn ở lại một trăm đô_la .
你 也 是 最 喜欢 日本 食物 吗 ？,Bạn cũng thích món ăn Nhật_Bản phải không ?
我 觉得 面部 露 出来 的 少 了 点 。,Tôi nghĩ rằng tôi đã bị thất_lạc .
你 的 表准 吗 ？,đồng_hồ của bạn có đúng không ?
Shibuya 是 一 个 非常 受 年轻 人 欢迎 的 地方 。,Nơi này rất nổi_tiếng với một nơi phổ_biến .
我 能 看看 你 的 护照 和 国际 驾照 吗 ？,Tôi có_thể xem hộ_chiếu của bạn được không ?
他 的 车 高速 行驶 。,Anh ấy đã chạy nhanh lên .
我 想 去 吃饭 。,Tôi muốn đi ăn .
看来 反映 很 积极 。,Xem_ra rất hay hoàn_thành .
但是 如果 你 不 介意 的话 从 洛杉矶 起飞 还 有 座位 。,Nhưng nếu bạn không phiền nếu nó ở Los_Angeles .
你 能 填 下表 吗 ？,Bạn có_thể điền vào nó không ?
我 不 需要 那么 多 。,Tôi không cần nhiều lắm .
请 不 要 在 这个 时候 抽烟 。,Xin vui_lòng không hút thuốc_lá này khi bạn hút thuốc .
这 次 要 滋补 的 杜松子酒 谢谢 。,Xin vui_lòng cho tôi kiểu tóc này .
是 兩 个 。,Đó là hai cái .
这 帐单 包括 服务费 吗 ？,Cái này có bao_gồm phí dịch_vụ không ?
这 的 特色菜 是 什么 ？,Món đặc_sản của cái này là gì ?
有 新颖 的 手表 吗 ？,Bạn có đồng_hồ đeo tay mới không ?
我 赌 十 美元 在 十四 号 。,Tôi đặt cược mười đô_la trong mười đô_la .
我 想 要 一 个 增值税 表格 谢谢 。,Làm_ơn cho tôi một thuế .
我 的 照相机 出 问题 了 请 检查 一下 。,Xin vui_lòng kiểm_tra máy_ảnh của tôi được .
你 好 房间 服务 吗 ？,Bạn có phục_vụ phòng không ?
我 会 在 这儿 呆 到 九号 。,Tôi sẽ ở đây và ở đây trong kỳ nghỉ .
我 要 炸 薯条 。,Tôi sẽ dùng khoai_tây chiên .
要兩 小时 服务费 是 九十九 美元 。,Nó sẽ là khoảng hai giờ .
我 要 结账 。,Tôi muốn làm thủ_tục trả phòng .
要 花 多少 钱 ？,Mất bao_nhiêu tiền ?
往右 拐 。,Rẽ trái .
是 什么 做 的 ？,Nó làm nghề gì ?
哦 你 不 该 这样 。,"Ồ , bạn không phải như vậy ."
我 希望 您 能 注意 一下 我 刚才 给 您 的 单子 右 上 角 的 部分 。,Tôi hy_vọng bạn có_thể giúp tôi một_chút cho bạn một_chút .
你 要 马上 通报 领事馆 。,bạn muốn gọi ngay_lập_tức .
你 知道 和 科尔 跳舞 的 那 位 端庄 文雅 的 女士 的 名字 吗 ？,Bạn có biết tên của người quản_lý mà nói_chuyện với người khác không ?
有 化妆盒 吗 ？,Bạn có cái bao_gồm tủ_lạnh không ?
如果 我 遇到 困难 我 该 找 谁 ？,Tôi nên tìm ai nếu tôi gặp khó_khăn ?
如果 我 的 信用卡 被 人 用 了 你 可以 偿还 相应 的 数量 吗 ？,Bạn có_thể sử_dụng thẻ tín_dụng của tôi không ?
多 好 的 风景 。,"Được rồi , phong_cảnh đẹp ."
每 一 小时 多少 钱 ？,Bao_nhiêu một giờ ?
这个 怎样 ？,Còn về cái này thì sao ?
有 可能 把 我 的 行程 提前 吗 ？,Có_thể có bất_kỳ chuyến xe_buýt nào không ?
我 觉得 不 舒服 。,Tôi cảm_thấy mệt .
我 多 晚 还 可以 叫 房间 服务 ？,Tôi có_thể gọi điện_thoại_di_động như thế_nào ?
我 该 打 什么 号码 ？,Tôi nên gọi số nào ?
我 想 要 块 手表 。,Tôi muốn một chiếc đồng_hồ .
它 大 。,Nó lớn .
你 能 开 一下门 吗 ？,Bạn có_thể mở cửa_sổ được không ?
我们 想要 个 游泳 池边 的 房间 。,Chúng_tôi muốn một căn phòng nhìn ra biển .
请 叫 他 来 开门 。,Xin vui_lòng cho anh ta mở_cửa .
晚餐 到 七点 才 有 。,đến 7 giờ rưỡi .
你 知道 有 卖 日本 药 的 药房 吗 ？,Bạn có biết thuốc giảm giá nào ở Nhật_Bản không ?
唯一 的 事情 就 是 它 太 贵 了 。,Nó đắt quá đắt .
从 这 走 步行 大约 十 分钟 。,Đi bộ từ đây đi bộ khoảng mười phút .
请 兩点钟 来 见 我 。,làm_ơn đến gặp tôi .
请擦 窗户 。,Xin vui_lòng đặt chỗ trước .
苏格兰 威士忌 加 苏打水 谢谢 。,Làm_ơn cho rượu uýt-xki nóng .
一 群 热带鱼 追 着 我 。,Tôi sẽ có một bộ sưu_tập tự_động .
现在 请 提问 。,Xin vui_lòng mang nó ngay bây_giờ .
现在 请 张大 嘴巴 。,Xin vui_lòng giữ hành_lý của bạn đến chín giờ .
十一 美元 到 酒店 。,Làm_ơn cho đến khách_sạn dưới mười đô_la .
时差弄 的 我 很 疲倦 。,Thời_gian của tôi rất khó_chịu .
这 附近 有 电话 亭 吗 ？,Có điện_thoại công_cộng nào ở đây không ?
那 又 便宜 又 快速 。,Cái đó rẻ hơn nhiều .
像 这样 有 多 长 时间 了 ？,Nó dài như thế này bao_lâu ?
我 想 要 一 件 运动 夹克 。,Tôi muốn một chiếc áo_khoác .
我 最 喜欢 秋天 。,Tôi thích loại trái_cây .
我 想 去 哈佛 中心 。,Tôi muốn đi đến trung_tâm Thương_mại Thế_giới .
无烟区 。,Không có vấn_đề gì .
四 个 上面 的 座舱 。,Xin vui_lòng cho hai chỗ ngồi ở dãy nhà .
我 在 哪 坐 去 波士顿 的 巴士 ？,Tôi có_thể bắt xe_buýt đến Boston ở đâu ?
这 是 我 的 具体 名字 。,Đây là tên của tôi .
真 便宜 。,Nó rẻ .
我 预约 了 看医生 。,Tôi đã đặt chỗ trước .
我们 在 哪 等 你 ？,Chúng_tôi đang chờ bạn ở đâu ?
这个 皮夹 是 用 什么 皮子 做 的 ？,Cái này được làm bằng da gì ?
能 给 我 看下 便宜 点 的 吗 ？,Tôi có_thể xem cái rẻ hơn không ?
我们 只要 甜点 可以 吗 ？,Chúng_tôi có_thể chỉ dùng món tráng_miệng được không ?
因为 我们 还 没有 足够 的 营销 数据 。,vì chúng_tôi vẫn chưa có nhiều ý_kiến hay .
能 拿 一 壶 热水 到 805 房间 吗 ？,Bạn có_thể vui_lòng lấy một phòng cho đến phòng đơn được không ?
我们 三 个 人 。,Chúng_tôi muốn ba người .
"不 , 我们 没有 。","Không , chúng_tôi không có ."
"这 是 我们 的 蜜月 , 我 想 去 一 个 特别 的 餐馆 。","Vâng , chúng_tôi muốn đi đến một nhà_hàng rất nổi_tiếng ."
好 你 真 是 太 好 了 。,Bạn thật tốt quá .
我 得 坐 兩点钟 的 飞机 。,Tôi phải ngồi máy_bay đến máy_bay .
对 不 起 你 能 帮忙 捡 一下 球 吗 谢谢 ？,"Xin_lỗi , nhưng bạn có_thể vui_lòng giúp tôi được không ?"
停车 费用 是 多少 ？,Giá vé xe là bao_nhiêu ?
我 何时 能 见 你 ？,Tôi có_thể gặp bạn khi nào ?
希尔顿 酒店 的 1209 号房 。,Xin vui_lòng đến khách_sạn Hilton ở khách_sạn Hilton .
我 要 去取 些 现金 所以 请 你 等一会 好 吗 ？,Tôi có_thể có một_ít tiền_mặt cho bạn một_ít tiền_mặt được không ?
我 回到 车 里 该 干 什么 ？,Tôi nên trở_lại xe_buýt lúc mấy giờ ?
这 很 流行 。,Cái này phổ_biến rất phổ_biến .
我 想 说 这里 夏天 天气 不错 。,Tôi nghĩ thời_tiết nói thời_tiết không tệ .
十 码 夫人 。,"Thưa cô , thưa cô ."
据说 一 个 民族 的 历史 传统 和 文化 都 可以 在 法定 节日 中 体现 出来 。,Trong cơ_hội và lễ quốc_gia đều có_thể phát_triển ở trong mùa đông .
一 天 都 能 看 全 吗 ？,mỗi ngày có_thể xem một ngày không ?
灰 狗 长途 汽车 公司 的 信息台 在 哪 ？,Quầy thông_báo cho thuê xe_hơi ở đâu ?
我 想 用 一 下午 。,Tôi muốn sử_dụng một chiều .
好吧 我们 走 。,"Được rồi , chúng_tôi đi ."
我 坐 大型 轿车 怎么 去 那 ？,Tôi có_thể đi bằng cách nào ?
别 耍 花招 。,Đừng lo .
几 天 。,mấy ngày .
最 好打 的 去 。,Cách tốt nhất để đi .
我 手指 进 了 一 个 碎片 。,Tôi đã mua một bộ sưu_tập vào thời_trang .
是 当然 。,Chắc_chắn rồi .
请 给 我 个 烟灰缸 。,Làm_ơn cho tôi một cái gạt tàn .
这里 有点儿 太 大 了 。,Cái này hơi lớn .
剑术 是 日本式 的 击剑 。,Nó là một câu_lạc_bộ Nhật_Bản .
我 该 在 哪 下车 ？,Tôi nên xuống ở đâu ?
好 的 票 将 放 在 戏院 售票处 。,"Được rồi , chúng_tôi sẽ đặt vé vào phòng vé của nhà_hát ."
请 告诉 我 怎么 做 。,Xin vui_lòng cho tôi biết làm thế_nào .
你 会 在 奶品 区 找到 它 。,Bạn sẽ tìm thấy nó trong túi_xách .
有 一些 地方 我们 不 能 接受 。,Chúng_tôi có_thể có một_số nơi thú_vị .
这个 硬币 是 多少 钱 ？,Giá tiền này là bao_nhiêu ?
我们 现在 在 曼哈顿 。,Bây_giờ chúng_ta đang ở bây_giờ .
我 能 看看 你 的 国际 驾照 吗 ？,Tôi có_thể xem giấy_phép lái xe quốc_tế của bạn được không ?
你 对 什么 特别 的 药物 过敏 吗 ？,Bạn có dị_ứng với thuốc đặc_biệt không ?
你 能 把 衣服 脱 到 腰部 吗 ？,Bạn có_thể làm sạch bộ quần_áo được không ?
我 想 要 些 帐蓬 桩 。,Tôi muốn một_ít kem thẻ tín_dụng của tôi .
你 能 让 我 和 说 日语 的 人 说话 吗 ？,Bạn có_thể nói với tôi một người nói tiếng Nhật không ?
一 小时 。,Một giờ .
他 撞 了 我 。,anh ấy tôi bị đụng .
我 想 持 音乐会 的 票来 。,Tôi muốn mua vé cho buổi hòa nhạc .
我 会 和 我 朋友 住 在一起 。,Tôi sẽ ở lại với người bạn của tôi .
你们 在 这 吃 还 是 带走 ？,Bạn sẽ ăn ở đây hay_là đi ?
一百 美元 够 吗 ？,Nó có đủ một trăm đô_la không ?
我 很 喜欢 它 。,Tôi rất thích nó .
我 要 个 好 点 的 房间 。,Tôi muốn một phòng tốt hơn .
因为 它 用 得 很多 。,Nó được sử_dụng nhiều vì nó .
这些 是 食物 赠券 。,Những cái này là phiếu ưu_đãi .
我 以前 从 没 吃 过 。,Tôi đã không bao_giờ ăn nó trước đây .
我们 是 一 起 的 。,"Vâng , chúng_tôi có một cái ."
你们 几 点 关门 ？,Bạn sẽ đóng_cửa lúc mấy giờ ?
在 这个 时节 Maunakea 还 会 被 白雪 覆盖 吗 ？,Cái này vẫn có được xây_dựng tại thị_trấn không ?
信纸 不够 。,Hôm_nay là tiền_nay .
能 给 我 时代 杂志 吗 ？,Tôi có_thể có một tạp_chí không ?
我 能 要 一 张 斜坡 的 地图 吗 谢谢 ？,Làm_ơn tôi có_thể vui_lòng chụp một bản_đồ lộ_trình của tôi được không ?
你 能 推荐 什么 便宜 的 葡萄酒 吗 ？,Bạn có_thể giới_thiệu một loại rượu tốt không ?
能 告诉 我 你们 的 营业 时间 吗 ？,Bạn có_thể cho tôi biết thời_gian khởi_hành của bạn được không ?
请 问 你 能 给 我 讲 一下 怎么 填写 丢失 行李 的 表格 吗 ？,Bạn có_thể vui_lòng chỉ cho tôi cách điền vào hành_lý của bạn được không ?
有 设计师 品牌 的 商店 在 哪 ？,Cửa_hàng quà_tặng nào ở đâu ?
薰肉 要 嫩的 你 知道 吗 ？,Bạn có biết kích_cỡ không ?
我们 的 产品 比 其他 竞争者 的 产品 要 小 要 轻 并且 只 比 其它 产品 贵 百分之八 。,Chúng_tôi chỉ có những sản_phẩm sản_phẩm nhỏ hơn nhiều so với sản_phẩm nhỏ hơn so với sản_phẩm nhỏ hơn .
四 个 橙子 。,Xin vui_lòng cho bốn chai dầu gội .
现在 流行 这些 颜色 。,Những màu này phổ_biến hiện_nay .
这 是 什么 贝壳 ？,Đó là gì ?
我 回到 日本 能 拿到 退款 吗 ？,Tôi có_thể trở_lại Nhật_Bản không ?
我 不 擅长 英语 。,Tôi không_thể nói tiếng Anh .
我们 跳舞 好 吗 ？,Chúng_ta sẽ khiêu_vũ chứ ?
你 没有 什么 礼物 或者 贵重 物品 吗 ？,Bạn không có những món quà hay thứ gì ?
正好 一百 美元 怎样 ？,Một trăm đô_la cho một trăm đô_la ?
我 要 找 我 的 朋友 。,Tôi đang tìm bạn của tôi .
这 趟 车 去 哪 ？,Xe_buýt này đi đâu ?
谁 在 跳舞 ？,Ai là người đầu_tiên ?
请 马上 叫 辆 救护车 好 吗 ？,Bạn có_thể vui_lòng gọi một chiếc xe_cứu_thương nhanh được không ?
一百二十五 美元 和 八十五 美分 。,Một trăm đô_la và 100 đô_la .
订 这些 座位 用 多少 钱 ？,đặt chỗ này dùng bao_nhiêu tiền ?
我 有 事 要 告诉 你 。,Tôi sẽ nói cho bạn biết .
沿 这 条 路 直 走 。,Tiếp_tục đi theo con đường này .
但是 我们 非常 抱歉 它 没有 存货 了 。,"Tôi xin_lỗi , nhưng chúng_tôi đã không nhận nó hết hàng ."
国际 金融 。,Cửa_hàng điện_thoại quốc_tế .
这 是 我 的 酒店 地址 。,Đây là địa_chỉ khách_sạn của tôi .
我 想 要 一 个 变压器 。,Tôi muốn mua một cái lạnh .
饭馆 在 哪 ？,Nhà_hàng bán ở đâu ?
你 喜欢 吃 吗 ？,Bạn có thích ăn không ?
一 号 和 二 号 电梯 都 可以 坐 。,có_thể ngồi bất_cứ số 2 và số 4 .
请 把 那 个 分成 三 份 。,Làm_ơn cho ba cái này .
你 下 次 肯定 会 更 好 的 。,Bạn chắc_chắn sẽ chắc_chắn .
佛教 禅宗 得到 了 武士 阶层 的 支持 。,Một chiếc áo len của thành_phố lớn .
哦 不 我 把 他 的 电话 号码 拉 在 家 了 。,"Ồ , tôi không_thể gọi điện_thoại của ông ấy ."
我们 八点钟 来 。,Chúng_ta hãy đến lúc 8 giờ .
那么 今天 是 我 的 幸运 日 了 。,Hôm_nay là da của tôi ngày hôm_nay .
最近 的 医生 在 哪里 ？,Bác_sĩ gần nhất ở đâu ?
我 要 订 房间 服务 。,Tôi muốn đặt phòng khách .
你 能 把 这 只 手表 送去 修 吗 ？,Bạn có_thể sửa đồng_hồ này không ?
我 什么 都 不 知道 。,Tôi không biết bất_cứ thứ gì .
我 打鼾 了 吗 ？,Tôi có chơi thuốc không ?
你 愿意 试试 它 吗 ？,Bạn có muốn thử nó không ?
去 芝加哥 的 往返 旅行 票 。,Làm_ơn cho một vé khứ_hồi đến Chicago .
我 是 英格兰人 。,Tôi đến từ Đức .
我 的 肚子 剧痛 。,Tôi bị đau dạ_dày của tôi .
他们 把 树枝 和 一些 芽 去掉 使 树 看 起来 很 漂亮 。,Họ trông rất vui_vẻ với nó .
唔高尔夫球 和 娱乐 一样 几乎 是 我们 生活 的 一 部分 。,"Vâng , chúng_tôi chỉ có một cuộc_sống và các câu_lạc_bộ khiêu_vũ của chúng_tôi ."
我 够 了 。,Tôi đủ .
我们 今天 下午 走 。,Chúng_ta hãy đi vào buổi chiều nay .
我 想 要 一杯烈 的 鸡尾酒 。,Tôi muốn một phần_lớn .
英式 足球 比赛 什么 时候 开始 ？,Khi nào trận_đấu bóng_đá ?
两 年 以前 我 到 东京 和 京都 玩 过 。,Tôi đã đến từ đây hai năm qua ba năm .
在 哪 买 巴士 票 ？,Tôi có_thể mua vé xe_buýt ở đâu ?
把 这 件 衣服 改短 可以 吗 ？,cái áo đầm này có_thể làm được không ?
我 的 一 个 朋友 告诉 我 你 也许 有 空房 。,Có_lẽ bạn tôi có một người bạn .
我 需要 再 来 一 次 你 的 诊所 吗 ？,Tôi có cần một lần nữa không ?
我们 学校 的 大多数 学生 都 有 笔记本 电脑 和 手机 。,trường_học của chúng_tôi đều có những học_kỳ học_sinh .
我 能 通过 电话 确认 吗 ？,Tôi có_thể xác_nhận lại điện_thoại không ?
我 想 要 类型 齐备 的 有 好 的 英里数 的 。,Tôi muốn có một chuyến du_lịch ban_đêm đẹp .
不 我 不 这么 想 。,Tôi không nghĩ vậy .
我 的 护照 不见 了 。,hộ_chiếu của tôi hết rồi .
让 我 查一下 。,Để tôi kiểm_tra .
总之 非常 好吃 。,Nó rất ngon .
我 能 在 这 抽 烟 吗 ？,Tôi có_thể để lại cái này không ?
我 能 要 半 壶 吗 ？,Tôi có_thể lấy nửa nửa nửa ngày không ?
还 有 座位 吗 ？,còn chỗ ngồi có chỗ nào không ?
我 把 相机忘 在 出租车 上 了 。,Tôi để quên máy_bay của tôi trên xe taxi .
你 能 把 这 换成 美元 吗 ？,Bạn có_thể đổi cái này sang đô_la được không ?
明天 我 得 早起 。,Ngày_mai tôi phải dậy sớm .
是 哪 产 的 ？,Nó là món ăn nào ?
你 不 是 中国人 是 吗 ？,bạn không phải là người Trung_Quốc phải không ?
我 要 的 菜 还 没 上 。,Tôi chưa gọi món .
我 可以 坐 其他 空 的 座位 吗 ？,Tôi có_thể ngồi bất_cứ chỗ ngồi nào khác không ?
一 个 学生 。,Một học_sinh .
我 会 报警 的 。,Tôi sẽ gọi cảnh_sát .
航空 公司 会 支付 我 住 酒店 和 饮食 的 费用 吗 ？,Tôi có_thể trả tiền_mặt và phí dịch_vụ của chúng_tôi không ?
你 想 怎么 打 这个 电话 ？,Bạn muốn gọi điện_thoại này như thế_nào ?
这 只 手表 有点 问题 。,Chiếc đồng_hồ này chỉ có chút .
二月 三号 。,ngày 3 tháng 2 .
航空 谢谢 。,Làm_ơn đi bằng máy_bay .
你 能 帮 我 拿 这个 包 吗 ？,Bạn có_thể giúp tôi mang túi này không ?
我 自己 也 刚 到 这里 。,Tôi cũng đã tự hỏi ở đây .
我 持续 咳嗽 。,Tôi bị ho .
我 听说 你 给 我们 打 了 八十五 折 。,Tôi nghe nói rằng bạn đã gọi cho chúng_tôi .
线路 已经 接通 。,nối máy_bay .
顺便 问 一 句 您 想 付 账单 吗 ？,"Nhân_tiện , ông có muốn trả lại một chuyến bay không ?"
我 是 来自 日本 的 大学生 。,Tôi là sinh_viên từ Nhật_Bản .
有风 。,có rồi .
请 订 三 个 人 的 桌子 。,Xin vui_lòng đặt bàn cho ba người .
有 低 热量 的 甜点 吗 ？,Bạn có món tráng_miệng không ?
没有 多少 日本人 寄 圣诞 贺卡 但是 每 年 都 有 数 以 十亿 计 的 新年 贺卡 在 被 写 印寄 。,Nhưng tất_cả các tài_liệu nhưng không có tiền để lên máy_bay của năm mươi xu bao_nhiêu ?
在 第二 个 拐角处 右拐 有 一 个 。,Có một góc ở góc thứ hai .
我 想想 我 给 你 个 特别 折扣 就 是 四百 美元 。,Tôi sẽ giảm giá cho bạn một trăm đô_la .
我 明天 早上 就 要 去 东京 了 。,sáng_mai tôi sắp đi Tokyo rồi .
我 找 不 着 香皂 。,Tôi không_thể tìm thấy xà_bông .
能 用 美元 支付 吗 ？,Bạn có_thể trả bằng đô_la không ?
对 不 起 他 现在 不 在 。,Xin_lỗi ông ấy hiện_giờ .
我 晚 了 。,Tôi đã trễ .
有 给 我 的 留言 吗 ？,Bạn có cái gì cho tôi không ?
如果 你 不 去 没有 人 的 地方 那 就 安全 。,Nếu không an_toàn của bạn không an_toàn .
请 复印 并 扩大 十五 % 。,Xin vui_lòng trả thêm phí phụ_trách .
这 附近 有 购物 商场 吗 ？,Có khu mua_sắm nào gần đây không ?
给 我 点 折扣 好 吗 ？,Bạn giảm giá cho tôi một_chút được không ?
下 个 星期二 再见 。,Hẹn gặp các bạn vào thứ ba .
我 恐怕 你 记错 日期 了 。,Tôi e rằng bạn đã bị_thương .
我 想 要 软 烫发 。,Tôi muốn uốn_tóc nhẹ .
请 给 我 拿 个 三 脚 架 。,Xin vui_lòng cho tôi ba chân .
去 拉什莫尔山 的 旅行 从 哪 开始 ？,Chuyến du_lịch này đi du_lịch bằng cách nào ?
所以 只 根据 地址 真 的 很 难 找到 目的地 。,"Vì vậy , chỉ cần tìm địa_chỉ địa_chỉ của nó rất khó_khăn ."
房间 每 晚 多少 钱 ？,Giá phòng một đêm là bao_nhiêu ?
你 推荐 什么 服装 店 ？,Bạn giới_thiệu cửa_hàng nào ?
两 张 去 威尼斯 的 往返 旅程 票 。,Làm_ơn cho hai vé khứ_hồi đến bãi_biển .
先生 您 先 填 一下 登记表 。,ông điền vào phiếu đăng_ký .
我 想 要 新 镜片 。,Tôi muốn ống_kính mới .
我 想 要 一 个 LeeRiders 四十九四十一 模型 的 复制品 。,Làm_ơn cho tôi một nhân_viên xách hành_khách đường_phố New_York .
你 应该 坐 地铁 或者 坐 公共 汽车 去 。,Bạn nên đi xe_buýt hoặc xe_buýt .
他 三十 岁 。,anh ấy 30 tuổi .
我 有 三 天 的 餐费 。,Tôi có ba ngày để trả tiền cho ba ngày .
现在 他 已经 很 糟糕 了 。,hiện_giờ anh ấy rất nhiều rồi .
"对 不 起 , 我 能 问 下 那 道 菜 的 名称 吗 ？","Xin_lỗi , nhưng tôi có_thể hỏi liệu món ăn của tôi không ?"
不 可能 在 我 的 预算 内 。,Có_lẽ tôi không có_thể ở trong phòng của tôi .
我 想 要 些 黄油 。,Tôi muốn một_ít bơ .
你 怎么 计算 的 违约金 ？,Bạn tính phí tính phí như thế_nào ?
你 准备 在 纽约 呆 多 长 时间 ？,Bạn sẽ ở lại New_York bao_lâu ?
是 的 我 想 要 个 双 人间 。,"Vâng , tôi muốn một phòng đôi ."
如果 你 还 买 这个 就 够 免税 的 数额 了 。,"Nếu bạn giảm giá này , nó miễn thuế sẽ được miễn thuế ."
哪些 是 香烟 ？,Đây là thuốc_lá ?
我 想 要 一 双 长靴 谢谢 。,Làm_ơn cho tôi một đôi giày da .
抱歉 我 能 在 火车 上 吃 东 西 吗 ？,"Xin_lỗi , tôi có_thể ăn trên tàu không ?"
我 想 寄 一 封 信 到 日本 。,Tôi muốn gửi một lá thư đến Nhật_Bản .
我 想 洗 一些 衣服 。,Tôi muốn giặt quần_áo .
我 想 花费 不 超过 二十 美元 。,Tôi không muốn hai mươi đô_la .
你 能 把 费用 写 在 一 张 纸 上 吗 ？,Bạn có_thể viết ra một thẻ lên trên giấy không ?
我 想 联系 一 个 租车 公司 。,Tôi muốn liên_hệ với một công_ty máy_bay .
哪 个 机场 ？,Nó ở sân_bay nào ?
到 那 个 城镇 很 难 走 吗 ？,Đi bộ đến đó bằng cách nào khác không ?
你 能 查下 我 鞋子 的 尺寸 吗 ？,Bạn có_thể kiểm_tra đôi giày của tôi không ?
服务员 会 来 给 你们 点菜 。,Bạn sẽ gọi món cho người phục_vụ của bạn .
我们 很 高兴 接受 你们 的 提供 。,Chúng_tôi rất vui được chấp_nhận các bạn .
请 等一会 我们 正在 调查 。,Xin vui_lòng chờ một lát chúng_tôi .
这 座 庙 叫 什么 ？,Tên ngọn núi này là gì ?
我 感觉 非常 难受 。,Tôi cảm_thấy rất khó hiểu .
我 要 发 这些 照片 。,Tôi sẽ gửi những bức ảnh này .
我 可以 安排 赔偿 损失 。,Tôi có_thể sắp_xếp cho mọi người .
怎样 给 我 补偿 ？,Làm thế_nào tôi có_thể cho phụ_nữ ?
我 根本 不 做 任何 工作 。,Tôi không làm bất_cứ việc gì .
当 你 出 电梯 的 时候 在 你 的 右边 会 看见 它 。,Khi bạn sẽ thấy nó ở bên phải của bạn .
请 给 我 拿 些 胶带 。,Xin vui_lòng cho tôi một_ít băng_chuyền .
怎么 发生 的 ？,Điều gì xảy_ra ?
只 煎 一 面 的 鸡蛋 加 薰肉 。,Làm_ơn cho một trứng luộc chín với thịt xông khói .
有 人 懂 日语 吗 ？,Có ai hiểu tiếng Nhật không ?
你 能 把 它们 包 一 起 吗 ？,Bạn có_thể vui_lòng gói chúng được không ?
我 想 经过 长途 的 旅行 你 一定 是 很 累 了 。,Tôi nghĩ rằng tôi đã rất mệt_mỏi_mỏi .
这个 样式 真的 很 流行 。,Cái này thật là phổ_biến .
要 点 什么 喝 的 吗 ？,Bạn có muốn uống gì không ?
厨房 用品部 在 哪 层 ？,Nhà_vệ_sinh ở tầng nào ?
我 有 个 Mita 先生 预约 的 今晚 七点 两 个 人 的 位子 。,"Tôi muốn đặt bàn cho hai người vào lúc 7 giờ tối nay , thưa ông ."
你 能 把 一百 美元 的 纸币 换成 零 钱 吗 ？,Bạn có_thể đổi tiền_lẻ thành tiền_lẻ không ?
"所以 , 我 并没有 彻底 失败 。","Vì vậy , tôi đã làm_việc sức khỏe hơn một_chút ."
想 不 到 在 这儿 见到 你 了 。,Tôi không muốn gặp bạn ở đây .
我 在 哪里 能 买 一些 缆车 票 ？,Tôi có_thể mua vé ở đâu ?
这样 的 尺寸 。,Làm_ơn cho cỡ này .
我 可以 坐 这 吗 ？,Tôi có_thể ngồi đây không ?
从 第二 号 巴士 车站 发车 。,Xe_buýt chạy từ trạm xe_buýt số hai .
房费 是 每 晚 六千 日元 。,Giá phòng yên .
唔 在 肩部 好像 稍微 有点 紧 。,"Vâng , có một_chút ở đằng kia hơi chật ."
你 有 治 喉咙痛 的 药 吗 ？,Bạn có thuốc trị đau không ?
有 螺丝 起子 吗 ？,Bạn có phòng tắm không ?
我 能 看看 你 的 驾驶 执照 和 汽车 牌照 吗 ？,Tôi có_thể xem bằng lái xe của bạn được không ?
你 怎么 取 钱 ？,Bạn nhận tiền như thế_nào ?
大约 一千 美元 。,Khoảng 1000 usd .
这个 呢 绒鸟 多少 钱 ？,Cái này bao_nhiêu tiền ?
许多 家庭 都 有 双份 的 收入 。,mỗi phòng đều có 2 giường đôi .
你 多 要 钱 了 。,bạn phải tiền thêm tiền nữa .
能 把 这 张 票 换成 头等舱 的 吗 ？,Tôi có_thể đổi vé hạng sang chỗ ngồi này không ?
但是 我 更 喜欢 它 再 辣 一点 。,Nhưng tôi thích nó thêm một_chút nữa hơn một_chút nữa .
暴力 吗 ？,ban nhạc không ?
你 看 这 是 一 家 免税 商店 。,Bạn xem cửa_hàng miễn thuế .
我 想 你 这 家伙 刚刚 吃 了 油炸圈饼 。,Tôi nghĩ rằng bạn đã gọi món này như thế_nào .
请 问 去 爱丁堡 的 头等舱 的 票 多少 钱 ？,Bạn có_thể cho tôi biết phí vé hạng nhất đến Edinburgh không ?
好 的 让 我 想想 。,"Vâng , để tôi nghĩ vậy ."
有 火车 吗 ？,có xe_lửa nào không ?
学生 。,học_sinh .
我 怎么 填 写 这个 通关 申报 表格 ？,Làm thế_nào tôi điền vào tờ khai hải_quan này ?
你们 的 特色菜 是 什么 ？,Món đặc_biệt của bạn là gì ?
银行 的 正常 营业 时间 是 什么 时候 ？,Giờ làm_việc của ngân_hàng như thế_nào ?
请 不 要 打针 。,Xin vui_lòng đừng gọi .
单程票 。,Xin vui_lòng cho nước .
哪 个 轨道 ？,Cửa_hàng nào ?
我 放学 后 直接 回家 。,Tôi sẽ về nhà sau khi về nhà .
我 想 要 一 支 温度计 。,Tôi muốn mua một cái khăn_tắm .
我 要 个 你 尿液 的 样本 。,Tôi muốn mua một mẫu xét_nghiệm da của bạn .
谢谢 你 的 好意 。,"Được rồi , cảm_ơn bạn ."
我 能 用 这个 话机 拨打 电话 吗 ？,Tôi có_thể gọi điện_thoại này không ?
你 可以 给 我 打点 折 吗 ？,Bạn có_thể giảm giá cho tôi không ?
你 去 夏威夷 旅游 要 多 长 时间 ？,Bạn sẽ đi du_lịch bằng đường_phố bao_lâu ?
你 可以 给 我 解释 这个 表格 吗 ？,Bạn có_thể giải_thích cho tôi số này không ?
你 要 去 哪 个 酒店 ？,Bạn sẽ đi đến khách_sạn nào ?
一百五十 美元 。,Đó là mười đô_la .
这个 锁 坏 了 。,Cái khóa cửa này bị hư .
如果 你 要 去 的 路程 很 远 你 不 用 付 回程费 。,"Nếu bạn không đi bằng xe , thì bạn sẽ phải trả tiền_mặt ."
我 想 要 去 迈阿密 的 往返 旅程 票 佛罗里达 。,Tôi muốn mua vé khứ_hồi đến Miami .
我 要 打 领带 吗 ？,Tôi có phải đeo cà_vạt không ?
这个 就 是 皮 的 。,Cái này được làm bằng da .
真是 太 贵 了 。,Cái này quá đắt .
那么 我 想 让 我 的 脸 比 朱莉娅 罗伯茨 的 还 小 。,"Sau đó tôi cảm_thấy khỏe hơn một_chút , và tôi muốn làm_ơn đổ đầy bình_thường ."
味道 非常 好 。,Nó rất ngon .
你是 要 看 篮球 比赛 吗 ？,Bạn có muốn xem trận thi_đấu bóng_rổ không ?
请 给 我 拿 本 侦探 小说 。,Xin vui_lòng cho tôi một cuốn tiểu_thuyết .
如果 它 进货 比较 晚 你 能 给 我 送 它 到 日本 。,Bạn có_thể đưa nó cho tôi đến trễ hơn .
你 能 让 我 下车 吗 ？,Bạn có_thể vui_lòng cho tôi xuống xe được không ?
它 像是 被 偷 了 。,Nó bị đánh_cắp .
我 的 手指 割 破 了 。,Cổ_tay của tôi bị hư .
我 在 哪里 能 预订 一 张 票 ？,Tôi có_thể đặt chỗ trước ở đâu ?
能 给 我 拿 些 果汁 吗 ？,Cho tôi một_ít nước trái_cây được không ?
你 可以 推荐 旅行社 吗 ？,Bạn có_thể giới_thiệu không ?
还 要 订 时间表 吗 ？,Bạn có muốn đặt nó không ?
如果 我 没 记错 的话 明天 美国 施行 夏令时 。,Tôi không có vấn_đề gì cả ngày_mai .
我 想 租 这 辆 车 二十四 小时 。,Tôi muốn thuê một chiếc xe_hơi trong một giờ .
四点三十 开始 登机 所以 说请 在 这 之前 到 那里 。,"Vì vậy , đó nói rằng đó là đến khi khởi_hành trước khi cất_cánh ."
投币 的 洗衣房 在 哪 ？,Tôi có_thể làm thủ_tục dịch_vụ giặt ủi ở đâu ?
我们 是否 同时 进入 ？,Chúng_ta có_thể nói_chuyện với chúng_ta không ?
还 有 到 伦敦 的 空座位 吗 ？,Có Luân_Đôn nào đến Luân_Đôn không ?
这 是 议价 票 售票 中心 。,Đây là giá tiền_mặt của bác_sĩ .
咖啡 在 柜台 的 那 边 是 自助 的 。,"Vâng , nó là một hướng_dẫn ở đằng kia ."
淋浴 间 在 哪 ？,Nhà_vệ_sinh ở đâu ?
什么 是 本地 生产 的 ？,Nó là cái gì ?
你 能 把 这个 修 一下 吗 ？,Bạn có_thể sửa cái này không ?
今天 是 什么 节目 ？,Hôm_nay là chương_trình gì ?
我 想 开 个 户 。,Tôi muốn mở tài_khoản tiết_kiệm .
我 要 乘坐 日本 航空 公司 去 大阪 的 五 次 航班 。,Tôi sẽ đi chuyến bay JAL năm tới Nhật_Bản .
恐怕 我 得 走 了 。,Tôi e rằng tôi phải đi .
这 是 验光单 。,Đây là danh_thiếp của bạn .
牛排 还 要 加点 什么 ？,Một_ít thịt bò hay thịt bò hay thịt bò ?
这个 戒指 有 鉴定书 吗 ？,Bạn có chiếc nhẫn này không ?
有 传真 信封 吗 ？,Có phong thư nào không ?
我 想 租 带 家具 的 公寓 一 个 月 。,Tôi muốn thuê một căn_hộ tốt hơn .
你 知道 我们 受到 经济 不 景气 爆发 的 直接 影响 。,Bạn không biết về điều_khoản của chúng_tôi .
很多 工人 要 花 一 辆 个 小时 上下班 。,Một chiếc xe_lửa chạy rất nhiều tiếng đồng_hồ .
我 想 在 市里 订 个 房间 。,Tôi muốn đặt một phòng ở phòng .
找 回来 了 吗 ？,Tôi có_thể trở_lại không ?
我们 确实 有 一些 好看 的 。,Chúng_tôi có một_vài cái đẹp .
我 穿 这个 正好 。,Tôi muốn mặc cái này .
日本人 非常 重视 经验 和 学识 特别是 在 管理 和 经营 领域 。,Người Nhật_Bản rất đông và người Nhật_Bản nằm trong thành_phố .
你 可以 在 那 拿到 药 。,Bạn có_thể mua nó ở đó .
"一 星期 之后 , 我 会 回 日本 。","Sau đó , tôi sẽ trở_về Nhật_Bản ."
我 想 今天 下午 我们 去 海滩 。,Tôi muốn đi đến bãi_biển hôm_nay .
我 想 知道 芝加哥 ABC 公司 的 电话 号码 。,Xin vui_lòng cho tôi biết số điện_thoại công_ty ABC .
能 给 我 个 关于 这 次 偷窃 事件 的 证明书 吗 ？,Tôi có_thể xin một cái máy_bay cho chuyến bay này không ?
我 吃 过 。,Tôi đã ăn qua nó .
这个 赌场 有 五分 的 投币 口 吗 ？,Có sân quần_vợt nào chơi biển không ?
中午 时分 。,trưa giờ trưa .
我们 快 上车 。,chúng_tôi chạy nhanh lên .
我 叫 TaroTakai 。,Tôi tên là T .
有 什么 好看 的 邮票 吗 ？,Bạn có những con tem nào đẹp không ?
航空 邮件 可以 吗 ？,Có được bằng đường_hàng_không không ?
哪 趟 列车 去 罗马 ？,Xe_lửa đi đến ga nào ?
我 想 要 一百八十 美元 以下 的 。,Tôi muốn một trăm đô_la một trăm đô_la .
是 清淡 的 吗 ？,Nó có phải không ?
你 能 给 我 调冰镇 果汁 朗姆酒 吗 ？,Bạn có_thể cho tôi một phần nước trái_cây tráng_miệng được không ?
咖啡店 在 地下室 。,Phòng ăn tại quán cà_phê .
我 洗 的 衣服 还 没 拿来 。,Tôi chưa giặt quần_áo của tôi .
是 印刷品 。,Nó là ấn_phẩm .
Akihaba 是 个 买 电器 的 好 地方 。,Đây là một nơi tốt .
这个 样子 的 适合 我 吗 ？,Cái này có hợp với tôi không ?
请 拿 把 刀子 。,Xin vui_lòng giữ hành_lý .
请 在 收款台 支付 在 你 出去 得 时候 请 出示 收据 。,Xin vui_lòng cho_biết hóa đơn đặt phòng của bạn trong khi bạn đến một biên_lai .
我 的 轮椅 有 六十五 厘米 宽 。,Tôi có bánh_mì kẹp thịt của tôi .
这 是 去 车站 的 路 吗 ？,Đây có phải là đường đến nhà_ga không ?
对 我们 有 帮助 。,Chúng_tôi có sự giúp_đỡ .
谢谢 先生 。,Cảm_ơn ông .
酒店 的 餐厅 开到 几点 ？,Nhà_hàng mở_cửa đến khách_sạn Park là gì ?
到 那儿 左 边 。,Đi thẳng bên trái ở đó .
请 检查 一下 电视 。,Xin vui_lòng kiểm_tra ti_vi .
您 能 填 这 张 表并 在 这里 签字 吗 ？,Bạn có_thể điền vào mẫu đơn này ở đây không ?
日本 航空 公司 去 东京 的 航班 是 在 几号 登机门 ？,Cổng lên máy_bay của hãng hàng_không Nhật_Bản là bao_nhiêu ?
这 是 您 的 行李单 。,đây là hành_lý của ông .
我 的 船舱 在 哪 个 甲板 ？,Tôi nên trở_về bằng tàu ở đâu ?
你 想 让 我 现在 付钱 还是 待会 再 付 ？,Bạn có muốn tôi trả tiền cho bạn bây_giờ không ?
你 有 几 个 照相机 ？,Bạn có bao_nhiêu cái máy_ảnh ?
你 应该 坐 七号 。,Bạn nên đi bằng tay .
请 打 叫人 电话 到 日本 东京 。,Xin vui_lòng gọi trực_tiếp đến Tokyo .
你 今晚 要 干 什么 ？,Bạn muốn làm gì tối nay ?
但是 当时 火车 上 的 四 号 车厢 是 休闲 和 淋浴 车厢 。,"Nhưng tất_cả trên tàu , nhưng xe_lửa và trên tàu ."
看 起来 很 严重 。,Nó trông rất nghiêm_trọng .
我 一直 设法 和 你 联络 。,Tôi đã mời bạn vào nhà và nhà .
我 能 全 天 都 用 暖气 和 热水 吗 ？,Tôi có_thể dùng nước nóng trong ngày không ?
能 给 我 一 · 个 保温瓶 吗 ？,Bạn có_thể cho tôi một cái gạt tàn được không ?
我 想 租 两 套 高尔夫 球杆 。,Tôi muốn thuê một bộ đôi giày trượt_tuyết .
每 个 字 多少 钱 ？,Giá một cái bao_nhiêu ?
我 的 行李 怎么 花 了 那么 长 时间 才 出来 。,Sau đó thời_gian của tôi mất thời_gian dài .
我 想 你 已经 听说 了 日本 的 土地 有 多 贵 。,Tôi nghĩ rằng bạn đã nghe nói rằng tôi đã nghĩ rằng nó nổi_tiếng nhiều hơn .
五十 美分 二十五 美分 两 个 一角 硬币 和 一 个 五 分 镍币 。,Một đồng 25 xu và năm mươi xu một xu .
我 要 换 这个 。,Tôi muốn đổi cái này .
我 要 做 个 适合 我 的 流行 发式 。,Tôi muốn mua kiểu tóc của tôi .
这 将 影响 他们 的 费用 。,Cảm_ơn họ sẽ kết_thúc .
我 有 一些 衣服 要 干洗 。,Tôi có một_ít quần_áo .
这里 没有 人 说 英语 。,Không có ai ở đây nói tiếng Anh .
日本 的 哪里 ？,Nhật_Bản ở đâu ?
请 给 我 来 杯 加 奶油 的 咖啡 。,Xin vui_lòng cho tôi cà_phê sữa .
很 好玩 。,Nó rất thú_vị .
是 的 我们 可以 。,"Vâng , chúng_tôi có_thể ."
请 改到 下 一 趟 航班 。,Xin vui_lòng chuyển đến chuyến bay tiếp_theo .
你 付给 我 就 行 。,Tôi sẽ trả cho bạn sau .
我 想 要 那 个 。,Tôi muốn cái đó .
立法 机构 是 议会 。,Đó là một sân_thượng được tòa nhà .
最 著名 的 景点 是 什么 ？,Nơi nào nổi_tiếng nhất ?
今天 晚上 你 能 和 我们 一起 共进 晚餐 吗 ？,Bạn có_thể làm cho chúng_tôi vào tối nay không ?
我 想 要 一 个 台灯 。,Tôi muốn một cái đèn_tính .
"在 一 艘 大 的 远洋 客轮 上 , 您 的 感觉 就 像 置身 于 一 个 大 饭店 。","Là một chiếc đồng_hồ ở khách_sạn lớn , một căn_hộ trở_lại lớn hơn một_lại lớn ."
让 我们 照 个 X 光 。,Chúng_tôi muốn chụp X_quang .
我 想 做 个 体检 。,Tôi muốn có một cái gì đó làm ?
明早 你 能 把 我 的 行李 拿到 大厅 里 吗 ？,Bạn có_thể mang hành_lý của tôi vào sáng_mai không ?
我 需要 一 片 阿司匹林 。,Tôi cần một phòng tắm .
你 量 体温 了 吗 ？,Bạn đã đồng_hồ cổ_họng không ?
在 晚上 可 有点 晚 了 。,Nó có một đêm là đêm rồi .
我 可以 推荐 这个 吗 ？,Tôi có_thể giới_thiệu cái này không ?
一百五十 美元 ？,usd như thế_nào ?
你 的 关节 痛 吗 ？,Bạn bị đau âm_thanh phải không ?
有 半 天 的 旅游 吗 ？,Có nửa ngày nào cho nửa ngày không ?
是 那 辆 车 吗 ？,Nó có phải là chiếc xe không ?
中间 位置 。,Chúng_tôi đang ngồi ở đằng kia .
我 可以 给 我 的 健康 保险 要 张 收据 吗 ？,Tôi có_thể xin biên_lai bảo_hiểm của tôi được không ?
这个 锁定 吗 ？,Cái khóa này có hoạt_động không ?
请 在 这儿 写 一下 你 的 联系 地址 。,Xin vui_lòng liên_hệ với địa_chỉ của bạn ở đây .
我们 到 维多利亚 以后 请 提醒 我 。,Làm_ơn hãy giữ máy_bay cho tôi đến khi chúng_tôi đến khi chúng_tôi trở_lại Nhật_Bản .
"付款 后 , 我们 会 填写 这 张 单子 。","Sau đó , chúng_tôi sẽ phải trả tiền_mặt ."
请 你 给 我 画 个 地图 好 吗 ？,Bạn có_thể vui_lòng vẽ cho tôi một bản_đồ được không ?
我 想 要 些 速溶 咖啡 。,Tôi muốn một_ít cà_phê .
你 以前 有 过 这个 症状 吗 ？,Bạn có triệu_chứng này trước đây không ?
有 理发店 吗 ？,Có cửa_hàng cắt tóc nào không ?
你 至少 得 等 两 天 。,Bạn sẽ phải chờ khoảng hai ngày .
你 有 巴士 的 车票 吗 ？,Bạn có xe_buýt nào có xe_buýt không ?
我 喜欢 这 间 旅店 。,Tôi thích phòng này .
你 可以 看 着 我 的 报纸 到 1：00 吗 ？,Bạn có_thể nhìn thấy tờ báo_cáo của tôi được không ?
请 问 能 给 我 拿 些 水 吗 ？,Vui_lòng cho tôi một_ít nước được không ?
三 个 今天 晚上 的 座位 。,Làm_ơn cho ba chỗ cho ba đêm nay .
汗 正 从 舞蹈 演员 的 身体 飞 出来 。,Thời_gian của câu_lạc_bộ từ Bắc_Kinh không ra ngoài .
出租车 和 救护车 哪个 更 快点 ？,Trạm xe taxi và xe taxi thì sao ?
我 能 要 个 汉堡包 吗 ？,Tôi có_thể có một hamburger được không ?
我 想 把 我 的 航班 从 十二月 二十四 号 的 换成 二十七 号 的 。,Tôi muốn đổi chuyến bay của tôi sang ngày 24 tháng 4 .
火车 驶往 休斯敦 。,Đi xuống xe_lửa .
带 我 去 找 警察 。,Tôi sẽ tìm cảnh_sát .
我 想 让 我 母亲 尽快 看到 这 封信 。,Hãy để tôi kiểm_tra này càng sớm càng tốt .
能 告诉 我 你 对方 的 名字 和 电话 号码 吗 ？,Tôi có_thể biết tên và số điện_thoại của bạn không ?
我 想 找些 人 帮 我 拿 行李 。,Tôi muốn nhận hành_lý của tôi với hành_lý .
您 要 把 您 的 行李 拿上 车 。,Bạn sẽ mang hành_lý lên xe của bạn .
"对 不 起 打扰 一下 , 我 能 问 你 个 问题 吗 ？","Xin_lỗi , nhưng tôi có_thể hỏi bạn không ?"
在 九十一 道 。,Nó nằm trên đường_cao .
请 帮 我 找 个 戴 顶 红 帽子 的 男孩 。,Xin vui_lòng cho tôi một chiếc mũ_bảo_tàng .
我 一 小时 以后 到 。,Tôi sẽ ở lại đây trong một giờ .
您 的 座位 被 订下 了 。,Chỗ ngồi được đặt trước rồi .
与众不同 。,Thật là tuyệt_vời .
什么 时候 窗帘 拉 起来 ？,Khi nào tai_nạn ?
和 不同 的 人 打交道 非常 有趣 。,Người đàn_ông có rất nhiều người và sự lựa_chọn người .
请 给 我 拿 块 肥皂 。,Xin vui_lòng mang cho tôi một cái đồng .
晚上 的 演出 几 点 开始 ？,buổi biểu_diễn tối lúc mấy giờ ?
要 花 几 个 小时 ？,Mất bao_nhiêu tiếng ?
你 听说 过 一 个 叫 悲伤 音符 的 夜总会 吗 ？,Bạn có nghe tên là một câu_lạc_bộ khiêu_vũ của bạn không ?
你 能 叫 医生 来 吗 ？,Bạn có_thể gọi bác_sĩ cho tôi một bác_sĩ được không ?
你 有 购买 合约 吗 ？,Bạn có thứ gì không ?
"侧面 上 有 一 个 裂痕 , 就 在 这 。",ở đây có 1 cây bút_chì .
你 早 ！,anh sớm !
我 不 忙 。,tôi không bận .
她 不 是 老师 ， 她 是 学生 。,"không phải cô ấy , cô ấy là học_sinh ."
晚上 你 做 什么 ？,buổi tối bạn làm gì ?
你 家 有 几 口 人 ？,nhà bạn có bao_nhiêu người ?
他 结婚 了 吗 ？,anh ta kết_hôn rồi chưa ?
明天 去 长城 ， 好 吗 ？,"ngày_mai đi , được không ?"
王兰 ， 张丽英 家 在 哪儿 ？,"Vương_Lan , Vương_Lan ở đâu ?"
离 这儿 远 不 远 ？,cách đây có xa không ?
那 种 呢 ？,loại đó thì sao ?
我 想 买 件 毛衣 。,Tôi muốn mua một chiếc áo len .
这 路 车 到 天安门 吗 ？,Con đường này có đến Thiên_An_Môn không ?
我 是 美国人 。,Tôi là người Mỹ .
坐 311 路 汽车 可以 到,có_thể ngồi xe ô_tô số 5
五百 美元 。,500 usd .
一样 买 一 套 吧 。,mua 1 bộ .
我 说 汉语 ， 他 不 懂,"tôi không hiểu , anh ta nói tiếng Hoa"
二十八 号 晚上 我 没 事 ， 你 呢 ？,"buổi tối , tôi không còn bạn ?"
你 认识 西川一郎 吗 ？,Bạn có làm_sao phụ_trách bình_thường không ?
还 没 到 。,chưa đến .
您 第一 次 来 中国 吗 ？,lần đầu_tiên bạn đến Trung_Quốc chứ ?
我 寄给 你 的 信 收到 了 吗 ？,Bạn có nhận tin_nhắn của tôi được tin của bạn không ?
吃 饺子 吧 。,ăn cơm thôi .
您 找 她 有 什么 事 ？,ông có việc gì cho cô ấy ?
请 等 一下 。,Xin vui_lòng chờ một_chút .
不 是 ， 有 个 同学 来 看 我 ， 我 要 等 他 。,"có bạn_học , tôi không phải đợi anh ta ."
我 的 自行车 很 漂亮,xe của tôi rất đẹp
那 个 收录机 我 弄坏 了 。,Tôi bị thất_lạc .
我 觉得 很 遗憾 。,tôi cảm_thấy rất tiếc .
我 家 的 花都 开来 。,tôi muốn mở tài_khoản tiết_kiệm .
你 的 房间 布置 得 好极 了 。,phòng của bạn thật là quá .
玛丽 听 了 很 高兴 。,Mary rất vui được nghe rồi .
还 要 感谢 你们 的 帮助 呢 。,Cảm_ơn bạn đã giúp_đỡ .
都 去 祝贺 他们 。,họ đều đi đến .
好 ， 我 以后 不 骑 快车 了 。,"sau khi đi học , tôi không tốt lắm ."
还 不 太 习惯 呢 。,vẫn chưa quen lắm .
一 天 也 是 一样 ，,"một ngày , cũng giống như vậy"
你 游 得 好 不 好 ？,bạn khoẻ không ?
我 也 喜欢 动物 。,tôi cũng thích động_vật .
你 应该 多 跟 中国人 谈话 。,bạn nên nói_chuyện với người Trung_Quốc .
还 差得 远 呢 。,còn kém lắm .
对 ， 上海 的 东西 比 这儿 多 得 多 。,"đúng rồi , phong_cảnh ở đây nhiều hơn nhiều ."
现 在 东北 多 冷 啊 ！,trời mưa_tuyết lạnh như vậy !
要 硬卧 还是 软卧 ？,Mất bao_lâu hay tàu ?
张三 说 ： “ 不 行 ， 要 走 的 是 他 ， 我 是 送 他 来 的 。 ”,"không phải , ông ta nói "" là "" đồng_nghiệp """
请 您 想想 办法 ， 帮 个 忙 吧 ！,"chào ông , mời ngồi đây !"
饭店 的 楼上 有 咖啡厅 和 舞厅 。,Có một_ít cà_phê và cà_phê .
有 问题 吗 ？,Có vấn_đề không ?
大夫 ， 我 肚子疼 。,"bác_sĩ , tôi đau răng ."
那 怎么 办 ？,thế_nào ?
她 说 想 出院 ， 我们 劝 她 不 要 着急 ， 出院 后 我们 帮 她 补 英语 ，,"cô ấy không muốn nói gì , chúng_tôi muốn nói cô ấy nói_chuyện với cô ta ."
日子 过 得 真 快 ， 你 来 北京 已经 一 年 了 。,"đã đến Bắc_Kinh , bạn sắp đến 1 năm rồi ."
"我 也 常 去 打扰 他 ,","tôi cũng thường đi , anh ta cũng thường đi"
要是 来 北京 ， 一定 来 看 你们 。,"nếu bạn đến Bắc_Kinh , nhất_định đến thăm các bạn ."
我 记 不 清楚 了 。,Tôi không nhớ nó rõ .
可以 托运 二十 公斤 ， 还 可以 带 一 个 五 公斤 的 小 包 。,"1 túi nhỏ , còn có_thể lấy số 5 kí ."
对 ， 我 随身带 的 东西 不 太 多 ， 两 个 箱子 都 已经 托运 了 。,"Tôi đã kiểm_tra hai va_li của tôi , hai va_li quá ."
他们 身体 都 很 好 ， 谢谢 。,"họ đều rất khoẻ , cám_ơn ."
马丽 和 大卫 的 老师 姓 张 。,thầy_giáo Trương và thầy_giáo Trương .
我 爸爸 ， 妈妈 的 一 个 朋友 要 去 美国 ，,"ba , mẹ tôi phải đi Mỹ một người Mỹ ."
小王 ， 快来 ， 这儿 坐 。,"Tiểu_Vương , ngồi ở đây ."
那 天 唱歌 得 好听 极 了 。 那 天 他们 还 表演 两 个 人 吃 一 快 糖 。,Họ sẽ dùng một_vài ngày để ăn thêm một ngày .
他们 约好 今天 去 天津 玩 。,Hôm_nay họ đi chơi vào ngày hôm_nay .
我们 的 票 是 十点五十 的 ， 你 那么 早 去 作 什么 ？,"vậy , 10 giờ sáng của chúng_tôi , còn bạn đi vào lúc 10 phút nữa ?"
他们 都 很 好 。,họ đều rất khoẻ .
他 姓 张,anh ta họ Trương
我 也 高兴 ， 张 先生 。,"tôi cũng rất vui , thưa ông ."
我 跟 朋友 租房 。,Tôi sẽ thuê một người bạn .
再见 ， 晚上 见 。,"tạm_biệt , tạm_biệt ."
有空 请来 吧 。,Xin vui_lòng cho đến sau .
对 不 起 ， 我 误会 了 。,"xin_lỗi , tôi đã hiểu lầm ."
你 要 马上 上课 ， 为什么 还 没 走 ？,"Tại_sao bạn không đi học , tại_sao ?"
我 每 天 抽 不 多,mỗi ngày tôi không nhiều
没什么 问题,không có vấn_đề
我 不 同意,tôi đồng_ý
听说 很 有意思,nghe nói rất thú_vị
明天 达 回国 ， 我们 到 机场 接 他 吧,"ngày_mai anh ta đến sân_bay , tại sân_bay nhe ."
哎呀 ， 太 可惜,"thật đáng tiếc , thật đáng tiếc"
往前 走 就 到,đi thẳng thì đến
看 你 今天 多 漂亮,hôm_nay bạn nhìn đẹp
祝 你 好运,chúc bạn may_mắn
这 是 好 主意 ， 。 我们 非常 欢迎,"Đó là ý_tưởng tuyệt_vời , rất hay ."
你 觉得 怎么样 ？,bạn cảm_thấy như thế_nào ?
明天 你 打算 去 哪儿 ？,ngày_mai bạn dự_định đi đâu ?
今天 是 二零零五年 十二月 十日,Hôm_nay là sinh_viên năm ngày 2 tháng 5 .
十月,tháng 10
你 每 个 星期 上 几 天 办 ？,mỗi tuần bạn làm mấy ngày ?
星期三,thứ_bảy
明晚 咱们 去 吃 晚饭 吧,tối mai ăn cơm tối nhe
两 点 半,2 nửa ngày
一 年 多,hơn 1 năm
你 爸 妈 身体 好 吗 ？,anh khoẻ không ?
各 个 姐姐 已 结婚 了 ， 只有 我 还 没 的,"chị của tôi chưa kết_hôn , tôi kết_hôn rồi"
女儿,con_gái
我 爸爸 在 家 。 请进,ba tôi ở nhà mời vào .
在 范玉石 路 上 走 就 到,Đi xuống xe trên đường này đi thẳng .
这儿,ở đây
天 放晴,ngày để vào sáng
春天 ， 风景 真 美,"mùa xuân đẹp , thật đẹp"
我 喜欢 衬衫,tôi thích áo sơ_mi
我 想 公安 市队 赢,tôi muốn chuyển lời chúc_mừng
好 ， 你 知道 英秋 的 生日 是 几 月 几号 ？,"được , sinh_nhật của bạn là ngày mấy tháng mấy ?"
我 要 这 种 把 。,Tôi sẽ lấy cái này .
这儿 有 新鲜 食品 吗 ？,ở đây có nhận được không ?
这 件 比较 大 ， 有 小 一 号 的 吗 ？,"cái này hơi nhỏ , có số lớn hơn không ?"
这 种 唇膏 是 哪 国家 的 ？,loại kem nào ?
我 要 买 一 双 鞋子,tôi muốn mua đôi giày da
你 穿 的 鞋 大概 几号 的 ？,bạn khoảng số mấy ?
送给 太太 ， 今天 是 我们 的 结婚 念日,"thưa bà ngày hôm_nay , chúng_ta ngày hôm_nay kết_hôn"
好 ， 明天 我 回来,"được , ngày_mai tôi trở_lại"
有 两 卷 录音带,có 2 cuộn phim
好 了 ， 帮 我 换,"được rồi , tôi giúp tôi đổi nó"
这个 多少 钱 ？,Cái này bao_nhiêu tiền ?
打个 折扣 ， 可以 吗 ？,có_thể giảm giá 1 chút được không ?
请 替 我 包 起来,làm_ơn giúp tôi gói lại
当然 了,đương_nhiên rồi
看来 他 得 住 医院 检查,xem_ra xem_ra anh ta kiểm_tra bệnh_viện khám bệnh_viện
那 你 结婚 了 吗 ？,vậy bạn kết_hôn rồi chưa ?
大夫 看看 我 牙根 还 好 吗 ？,bác_sĩ xem răng còn tốt không ?
这 种 药水 每 天 两 次 ， 每 次 吃 一 格,"loại thuốc này uống 2 lần , mỗi ngày uống một lần"
就 是 二 楼 四 号 病房,là dãy lầu số 2
当然 可以 ， 还 要 什么 吗 ？,"đương_nhiên rồi , còn phải không ?"
我 要 禁忌 什么 ？,tôi cần kiêng cử gì ?
因为 第二 外语 ， 所以 汉语 每 周 二 节课,"vì học 2 tiếng Hoa , mỗi tuần"
平均 要 读 四 年,học 4 năm
你 打算 去 哪儿 留学 ？,bạn dự_định đi du_học đâu ?
很 好 的,rất tốt
这 是 个 好 专业,đây là chuyên_ngành tốt
我 只 会 英语 和 汉语,tôi chỉ biết tiếng Anh và tiếng Hoa
我 的 专业 是 行 正 管理,chuyên_ngành của tôi là chuyên_nghiệp
你 父母 在 作 什么 工作 ？,ba_má anh làm_việc gì ?
很 重要,rất quan_trọng
我 会 容易 地 介绍 我们 越南 国家,tôi sẽ giới_thiệu các vị_trí văn_hoá Việt_Nam
我们 公司 对 工作 的 时间 规定 比较 严刻,công_ty của chúng_tôi làm_việc với công_ty công_ty công_ty công_ty
你 好 ， 真 抱歉 已 打扰 你 了,"Xin_lỗi , bạn đã làm phiền bạn rồi"
你 工作 还 好 吗 ？,anh còn làm_việc nữa không ?
越南 的 名胜 古迹 有 很多,danh_lam_thắng_cảnh của Việt_Nam có rất nhiều
这儿 是 仙泉,đây là hình_ảnh
您 好 ， 就 是 我,"chào ông , tôi là"
好 ， 一会儿 我 再 打来,"được , 1 lát nữa tôi gọi lại"
对 不 起 ， 他 正在 开会,"xin_lỗi , anh ấy đang họp"
让 我 查 一 查 ， 。 。 。 有 了 。,để tôi kiểm_tra rồi .
你 需要 帮忙 吗 ？,Bạn có cần giúp gì không ?
怎么样 ？ 这 种 书 可以 寄 吗 ？,loại này có_thể gửi bằng tiếng Anh không ?
打 普通 电报 吗 ？,Nhật_Bản có gọi điện_thoại không ?
小姐 ， 我 可以 把 美元 换 越 币 吗 ？,"chị ơi , tôi có_thể đổi vnd được không ?"
我 想 存钱,tôi muốn gửi tiền
租房 价格 怎么 算 ？,Giá_cả được thuê nó như thế_nào ?
这个 房子 最 多 是 几 个 人 呢 ？,phòng này bao_nhiêu người ?
有的 ， 有影 结婚 呀 ， 生日 呀,"có , 1 sinh_nhật đều có người"
你 要 剪 哪 个 发型 ？,Bạn muốn cắt tóc nào ?
太太 ， 您 要 什么 ？,"thưa bà , bà cần gì ?"
你 要 染发 吗 ？,Bạn có muốn nhuộm tóc không ?
这儿 有 一 天 取衣 的 服务 吗 ？,ở đây có phục_vụ giặt ủi không ?
在 这儿,ở đây
一 公里 多少 钱 ？,bao_nhiêu tiền 1 km ?
我 要 买 普通 的 火车票,tôi muốn mua vé xe_lửa địa_phương
下 一 站 是 什么 站 ？,trạm tiếp_theo là gì ?
是 单程票 还 是 往返 票 ？,Vé khứ_hồi hay vé ?
旅客们 请 注意 ， 飞机 就 要 起飞 了 ， 请 大家 系 好 安全带,"xin hỏi , mọi người phải chú_ý sắp cất_cánh , vì vậy vui_lòng sắp cất_cánh"
附近 没有 ， 但 一直 走到 尽头 就 有,"gần đây không có , nhưng đi thẳng đến cuối đường thì có"
近 了 ， 可是 你 要 转回 走,"anh phải đi rồi , nhưng anh phải đi gần đây"
可以 坐 汽车 去,có_thể đi xe_hơi
好 了 ， 这 是 你 的 护照,"được rồi , đây là hộ_chiếu của bạn"
你 从 哪 个 国家 来 ？,Bạn đến từ nước nào ?
好像 每 月 也 有 特刊 ， 是 吗 ？,"Có , mỗi tháng có_vẻ như vậy được không ?"
这 件 事 你 处理 怎么样 ？,việc này anh thế_nào ?
我 在 一 间 企业 工作,tôi làm_việc ở 1 phòng
我 不 会 说,tôi không biết nói
您 叫 什么 名字 ？,ông tên gì ?
怎么样 ？,Còn về điều đó thì sao ?
好吃 吗 ？,ngon không ?
是 我 的,là của tôi
那 是 词典,đó là từ Việt_Nam
那 本 有意思 吗 ？,cuốn đó có giảm giá không ?
这 辆 车 坏 了,chiếc xe này bị hư rồi
从 路 那 边 跑 了 过来,Đi đường đó từ đường đi xe phía trước
你 是 很 好 的 人,anh là người rất tốt
学 外语 ， 读 和 翻译 是 不 可 少 了,"học ngoại_ngữ , học không_thể học được"
大概 十 瓶,khoảng 10 chai
从 这儿 到头顿 多少 公里 ？,từ đây đến trạm xe_buýt là bao_nhiêu ?
一 分钟 你 打 多少 字 ？,Bạn gọi bao_nhiêu một phút ?
你 看见 芳草 了 没有 ？,Bạn thấy tòa nhà không ?
我 说 快 极 了 吗 ？,Tôi có_thể nói không ?
看 你 身体 不 太 好 ， 你 要 去 看病,"anh xem , anh muốn đi khám bệnh sức_khoẻ"
请 问 ， 去 动物园 怎么 走 ？,"xin hỏi , đến sở_thú đi như thế_nào ?"
你 丈夫 去 哪儿 呢 ？,chồng bạn đi đâu ?
我 吃 了,tôi ăn rồi
首先 吃早饭 ， 然后 去 玩,"sau đó đi tham_quan , sau đó đi chơi"
对 ， 我 亲自 做,"đúng , tôi sẽ làm bài"
把 行李 替 我 带 回家,tôi mang hành_lý về nhà
胡志明市 的 人口 比 河内 得 多,thành_phố hồ chí minh nhiều so với Hà_Nội
除了 我 以外 ， 大家 都 会 游泳,"ngoài tôi ra , mọi người đều biết bơi_lội"
我 是 高中 学生 ， 不 是 大学生,"tôi là sinh_viên , không phải là sinh_viên"
你 相信 我 然而 有时 我 也 怀疑 你,tôi tin bạn tin rằng tôi cũng vậy .
他 已 分手 情人,Anh ta đã đánh_vần
以便 空气 加 生动 ， 我们 一起 唱吧,"chúng_ta cùng hát ca sinh_viên ,"
不 要 等 我 了 。,Tôi không cần đợi .
今天 天气 好 吗 ？,Hôm_nay thời_tiết đẹp phải không ?
下 秋霜 了 。,Xin vui_lòng cho kem chống nắng .
你们 几 点 上班 ？,các bạn mấy giờ đi làm ?
八月 十五 号 是 光复节 。,Số_là ngày 15 tháng 8 .
他 现在 不 在 。 出去 了 。,Anh ấy không đi ra ngoài rồi .
我 会 再 给 您 打 电话 的 。,Tôi sẽ gọi lại cho bạn sau .
这个 电视剧 太 好看 了 。,Cái này quá đẹp .
我 听 不 清楚 。,Tôi không_thể nghe rõ .
给 我 些 感冒药 。,Cho tôi một_ít thuốc cảm lạnh .
你 什么 时候 出院 回家 ？,khi nào bạn về nhà ?
我 丈夫 打 我 。,Tôi bị chồng tôi .
给 我 二 个 信封 和 三千 元 的 邮票 。,Làm_ơn cho tôi một con tem lớn và hai mươi đô_la .
我 要 一 年 的 定期 存款 。,Tôi sẽ lấy nó trong năm của tôi .
下 一 位 ， 请 。,"tiếp_theo , làm_ơn tiếp_theo ."
这个 账户 的 服务费 是 多少 钱 ？,Phí dịch_vụ giặt là bao_nhiêu ?
我 这 次 考试 不 及格 。,Tôi không_thể thi lần này .
请 给 我 修剪 一下 头发 。,Làm_ơn sửa tóc cho tôi một_chút .
洗发 吗 ？,Nó có đúng không ?
让 您 久等 了 。,để bạn chờ .
每 个 月 五日 交 房租 。,mỗi ngày 5 tháng 9 .
对 不 起 ， 请 问 去 六十三 大厦 的话 应该 在 哪儿 下车 。 ？,"Xin_lỗi , nhưng bạn nên xuống ở đâu và đi đến nhà ."
对 不 起 ， 这 不 可以 停车 。,"Xin_lỗi , tôi không_thể đậu xe ."
我 想 给 我 妻子 买 些 花 。,Tôi muốn mua một_số vợ tôi .
这 车 去 火车站 吗 ？,xe này đi ga xe_lửa phải không ?
我 想 换 新 鞋跟 。,Tôi muốn đổi gót giày mới .
请 出示 护照 。,Xin vui_lòng xuất_trình hộ_chiếu .
时间 不 够 吧 ？,thời_gian không đủ thời_gian ?
有 上午 十点 和 下午 两 点 的 票 。,có 2 vé buổi sáng và buổi chiều .
这个 小 包 可以 带 上 飞机 吗 ？,Bạn có_thể mang túi này lên máy_bay không ?
请 把 您 的 箱子 打开 好 吗 ？,Bạn có_thể vui_lòng mở va_li của bạn được không ?
请 问 那 边 的 交通 警察 。,Làm_ơn cho hỏi cảnh_sát ở phía nam .
要 加满 吗 ？,Tôi có cần phải không ?
擦拭 一下 车窗 好 吗 ？,Xe_buýt này có được không ?
请 出示 一下 您 的 驾驶 执照 。,Xin vui_lòng cho xem giấy_phép lái xe của bạn .
你 姓 什么,bạn họ gì
您们 好 .,chào ông .
他们 都 是 学生,họ đều là học_sinh
今天 几号 ?,Hôm_nay ngày mấy ?
六点 十分,6 giờ
二 OO 五 年 是 乙酉 年,Nó là năm số 2 năm .
"二十五 岁 , 很 漂亮 .","25 tuổi , rất đẹp ."
哪 种,loại nào
你 想要 做 什么 ?,Bạn muốn làm gì ?
我 觉得 累,tôi cảm_thấy mệt
我 看 上海 不错 . 在 上海 开 吧,tôi thấy Thượng_Hải không tệ . mở tại Thượng_Hải đi
"这 本 书 我 看完 了 , 我 想 再 看 一遍","tôi nghĩ cuốn sách này 1 quyển sách , tôi muốn xem"
到 饭馆 儿去 吧 ; 这儿 附近 有 一 家,ở đây có một nhà_hàng ngon nhe
不 学习 不 行,không được học_tập được
喝 水 吗,uống nước không ?
一 碗 米饭,1 chai nước_khoáng
他 叫 什么 ?,anh ta tên gì ?
"我 姓 吴 , 叫 吴民 .","tôi họ Nguyễn , tên Nguyễn_Thị_Minh ."
下午 三点十五分 .,3 giờ chiều .
我 七 岁 半 .,7 tôi 7 tuổi .
你 工作 辛苦 吗 ?,công_việc của bạn làm_việc phải không ?
你 吃 过 中国 饭 吗 ?,Bạn đã ăn Trung_Quốc chưa ?
妈妈 的 衣服 在 那儿 。,má của mẹ ở đó .
他 父母 热情 地 接待 了 我 。,ba_má anh ta gọi của tôi rồi .
"他 今年 二十三 岁 , 不 是 二十九 岁 。",năm nay anh ấy là năm tuổi .
李 老师 教 没 教 你 汉语 ？,thầy Lý dạy anh dạy tiếng Hoa không ?
"他 握 着 我 的 手 说 : "" 很 好 , 很 好 。 ""","Được rồi , anh ta đã quan_tâm tôi rất tốt ."
请 你 把 这个 句子 翻译 成 中文 。,mời bạn làm_ơn thông_dịch này .
谁 今天 没有 来 ？,hôm_nay ai không đến ?
他 爸爸 的 身体 好 极 了 。,sức_khoẻ của anh ta sức khỏe .
要是 明天 天气 好 ， 我们 就 去 公园 看 花展 。,"nếu ngày_mai thời_tiết đẹp , chúng_ta đi thăm thời_tiết đẹp ."
明天 下午 可以 。,chiều mai có_thể vào chiều mai .
我 现在 住 在 胡志明市 ， 第六 郡 。,Tôi đang ở tại thành_phố hồ chí minh .
五月,tháng 5
我 要 买 一 斤 瘦肉 和 五 个 苦瓜,tôi muốn mua 1 bó rau cải xanh và 1 mặt
我 觉得 还 好 了 ， 只有 时 觉得 很 疼,"Tôi cảm_thấy khỏe , nhưng tôi cảm_thấy khỏe hơn ."
对 ， 你 找 谁 ？,"đúng , bạn tìm ai ?"
对 了 ， 请 把 你 的 火车票 给 我 看看,"đúng rồi , làm_ơn cho tôi xem vé xe của bạn"
你们 公司 最近 生意 怎么样 ？,công_ty của bạn như thế_nào ?
你 去 我 就去,tôi sẽ đi bằng bạn
我 需要 零 钱 。,Tôi cần tiền_lẻ .
一 天 多少 钱 ？,Bao_nhiêu một ngày ?
吃午饭,thức_ăn
你 家 有 谁 ？,nhà bạn có ai ?
对 ， 我 是 北大 。,"đúng , tôi là bắc ."
我们 在 桂林 玩儿 三 ， 四 天 ， 然后 去 上海 。,"Chúng_tôi đi tham_quan ba ngày , sau đó đi tham_quan ba ngày , sau đó đi chơi ."
你 家 离 工作 的 地方 很 远 吧 ？,công_việc của bạn cách đây có xa không ?
对 过去 的 事 ， 我 真 可惜,"thật đáng tiếc , thật đáng tiếc"
我 住 在 楼下 。,tôi ở tầng lầu .
太贵,mắc quá
你 两 个 孩子 上课 了 没有 ？,bạn kết_hôn rồi chưa ?
你 想 先 结帐 多少 也 行,anh cũng muốn trả bao_nhiêu trước ?
我 是 副经理,tôi là kinh_doanh
今天 你 来 吗 ？,hôm_nay bạn đến không ?
拜拜 ， 祝 你 睡 个 好觉 。,chúc bạn thượng_lộ bình_an .
您 要 什么 颜色 的 ？,ông muốn màu gì ?
每 月 挣 一千 美元,mỗi tháng 5 đô_la
我 希望 他 明天 来 。,Tôi hy_vọng anh ấy sẽ đến vào ngày_mai .
西藏 的 风景 值得 一 去 。,Một tour du_lịch tham_quan thành_phố .
厨艺,đầu_tiên
经验,kinh_nghiệm
汽油,đồng_hồ
口罩,ngã_tư
目标,mặt
英雄 好汉,có vị_trí tốt không
起床,thức_dậy
他 浪费 粮食 而且 一点 也 不 心疼 。,Ông ấy không_thể giải_quyết chút thời_gian rảnh .
火车,xe_lửa
交通 法规,tháng 9
医院 里 有 很多 病人 ， 有的 看 内科 ， 有的 看 外科 ， 有的 看 眼科 ， 还 有的 看 耳鼻喉科 。,"Một_số người_lớn còn có rất nhiều , mà nói , có nhiều loại bệnh_viện khám bệnh_viện khám bệnh_viện ."
因为 小 李 比 小王 吃 得 多 ， 所以 小 李 比 小王胖 5 斤 。,"Tiểu_Lý hơn Tiểu_Vương , Tiểu_Vương là Tiểu_Vương ăn nhiều so với Tiểu_Lý ."
越 辛勤 付出 ， 越 能 收获 成果 。,"Khi thành_phố Bắc_Kinh có_thể mua được , quả_thật phong_cảnh ."
听说 这 棵 树 有 上千 年 历史 了 。,nghe nói sự_kiện kinh_doanh này có lịch_sử .
像 他 那么 办事 早晚 要 被 批评 。,Sau đó anh ấy phải làm thêm một thời_gian vào sáng như thế .
男人 跟 女人 不 一样 。,Người đàn_ông khác với người khác .
除了 提供 啤酒 以外 ， 这里 还 能 看 世界杯 。,"ngoài thế_giới này ra , còn có_thể xem bảng Anh ."
晚上 一起 吃 饭 吗 ？,tối mai ăn cơm không ?
我 能 不 能 吃 鸡蛋 ？,Tôi có_thể ăn trứng không ?
不管 希望 有 多 渺茫 ， 我 也 愿意 为 此 一搏 。,"Tôi hy_vọng vậy , nhưng tôi hy_vọng bạn sẽ lấy lại một chuyến bay khác ."
假使 时光 倒流 ， 我 便 改头换面 ， 重新 做人 。,"Khi người đàn_ông nói , tôi đã làm bài_tập ."
只要 功夫深 ， 铁杵 就 能 磨成 针,"chỉ cần tài_liệu thêm , chỉ có_thể gọi điện_thoại thư_thoại ."
这 不 是 村民 自己 盖 得 楼房 ， 而 是 政府 帮助 建设 的 。,"Đây không phải là sự giúp_đỡ , chính_xác chính_xác , chính_xác chính_xác chính_xác chính_xác , chính_xác này chính_xác , chính_xác chính_xác chính_xác cũng không được bán hết ."
无论 环境 多么 恶劣 ， 小草 都 努力 生长 。,"Tiểu_Trương chăm_sóc văn_học , Tiểu_Minh đều coi chăm_chỉ ."
阿红 一 开会 发言 就 紧张 。,Chỉ cần gửi một chuyến du_lịch .
这 瓶 红 酒 是 哪 国 的 ？,rượu_vang này là rượu_vang đỏ ?
以后 我 想 去 上海 工作,tôi muốn đi làm công_việc
湖面 上 哪 有 九 条 船 啊 ？,Đường_ray con đường nào ?
人 怎么样 才 能 取得 成功 ？,có_thể kiểm_tra cho người như thế_nào ?
你 都 是 下班 就 回家 吗 ？,Bạn sẽ về nhà phải không ?
今天 的 天气 真 是 再 好 不过 了 。,hôm_nay thời_tiết thật là tốt rồi .
这 家 小店 从来 没 为 客源 发 过 愁 。,Cửa_hàng này chưa từng từ trước tới nay .
这 次 小提琴 演出 你 一定 会 成功 的 。,lần này nhất_định sẽ thành_công vào những lần cuối_cùng của bạn .
宋徽宗 的 书法 作品 堪称一绝 。,Các công_viên bảo_hiểm của người đàn_ông đã được chấp_nhận .
真 没 发现 你 有 那么 多 汽车 模型 。,Thật không ngờ bạn có nhiều loại xe bus .
我 把 知识 当作 改变 自己 思想 的 法宝 。,Tôi muốn thay_đổi ý_kiến của tôi .
幸亏 老张 没 买 彩票 ， 要 不 也 无缘 中奖 。,"May_mà không mua vé tháng , không thì bạn_gái cũng không mua vé ."
恐怕 问题 的 症结 就 在 这里 。,Tôi e rằng vấn_đề gì ở đây .
你 去接 他 一下 ， 这儿 不 好找 ， 何况 他 又 是 第一 次 来 。,"bạn đến đây , anh ấy là lần đầu_tiên đến đây ."
他们 说 翻过山 有 片湖 ， 果真 被 我 发现 了 。,"họ đã nói_chuyện với những người khác , và họ đã nói_chuyện với họ luôn ."
处处 讲 文明 ， 处处 讲 礼貌 。,"trái_cây , văn_học Bắc_Kinh đã xảy_ra tiếng Hoa ."
光 有 资金 还 不 够 ， 还 得 有 人脉 资源 。,"vẫn chưa đủ , mà cần phải có tiền_mặt hoặc trả tiền_mặt ."
那 只 小 麻雀 竟然 又 飞 回来 了 。,Con_số mà nói thế_nào để lại nó đi .
水 遇 冷 变成 了 冰 ， 遇 高温 又 变成 了 水 蒸汽 。,Nước công_việc này thật là lạnh .
小 李 特别 爱 挑拨 离间 。,Tiểu_Lệ_Lý thường_xuyên rất đặc_biệt .
他 这个 人 简直 不 像话 。,Anh ấy không giống như người_lớn .
同样 是 装修 100 平米 的 房子 ， 我 比 你 的 贵 出 了 一 倍 。,"Tốt hơn là một căn_hộ , bạn có một căn_cứ trang_trí trang_trí bằng tiếng đồng_nghiệp của tôi ."
这 场 台球 比赛 实在 是 太 精彩 了 。,trận_đấu này thật là rất khó_chịu .
"在 挑选 玉石 方面 , 他 究竟 是 行家 。",Ông ấy đang tập_tin du_lịch tại bàn .
儿子 不 小心 摔倒 了 ， 于是 他 被 妈妈 送进 了 医院 。,"Con_trai anh ta bị bệnh_viện bị bệnh_viện , anh ta không_viện bị bệnh_viện ."
这 家 公司 对 我 来说 一点儿 也 不 远 。,Từ đây tôi không biết một_chút đối_với công_ty .
集团 领导 要 来 了 。,Một_số người lái xe ô_tô .
小 刚 正 在 去 邮局 的 路 上 。,vừa_mới đi bưu_điện trên đường bưu_điện .
我 去 过 八达岭 长城 。,tôi đi qua đường dài tám inch .
我 没有 帮 着 小 丽抄 作业 。,Tôi không có bất_cứ thứ nhỏ nào khác .
当 我 失败 的 时候 ， 我 会 重头 再 来 。,"khi nghỉ_ngơi , tôi sẽ đến ."
婴儿 有 先天 缺陷 父母 该 怎么 办 ？,ba_má bạn nên làm thế_nào ?
从 你 的 气色 来 看 ， 你 需要 多 吃 补血 的 食品 。,"Bạn muốn xem một_ít thức_ăn , nhanh quá ."
天气 太 热 了 ， 我 几乎 要 中暑 了 。,"thời_tiết quá nóng , tôi sẽ đọc thời_tiết nóng ."
你 是 美国人 吗 ？,Bạn là người Mỹ phải không ?
在 下午 三点钟 。,Nó ở lúc 3 giờ chiều .
他 是 对 的 。,đúng vậy .
我 知道 。,Tôi hiểu .
我 很 冷 。,Tôi rất lạnh .
我 以前 从来 没 见 过 那样 的 东西 。,Tôi chưa bao_giờ nhìn thấy gì như thế này trước đây .
请 带 我 去 这个 地址 。,Làm_ơn đưa tôi đến địa_chỉ này .
那 个 看 起来 非常 棒 .,Thật là tuyệt_vời .
我们 很 喜欢 。,Chúng_tôi rất thích .
你 带 够 钱 了 吗 ？,Bạn có đủ tiền không ?
我 想 预订 。,Tôi muốn đặt chỗ .
我们 什么 时候 到达 ？,Mấy giờ chúng_ta đến ?
这些 耳环 多少 钱 ？,Những cái này bao_nhiêu tiền ?
请 进来 。,Xin mời vào .
到 宾 尼法尼亚州 有 多少 英里 ？,Có bao_nhiêu điểm dừng đến tòa nhà_vệ_sinh ?
在 左边 。,Nó nằm bên trái .
我 能 留个 口信 吗 ？,Tôi có_thể thử nước được không ?
我 回头 再 打 。,Tôi sẽ gọi lại .
请 带 我 回家 ， 好 吗 ？,"Xin chào , tôi có_thể mang về nhà không ?"
我 的 钱 不够 。,Tôi sẽ tính tiền .
我们 迟到 了 。,Chúng_tôi đến trễ .
你 上 一 次 跟 你 妈妈 谈话 是 什么 时候 ？,anh 1 lần đầu_tiên nói_chuyện với bạn là khi nào ?
信筒 在 哪里 ？,Sân_vận_động ở đâu ?
我 只有 五 美元 。,Tôi chỉ có năm đô_la .
请 给 我们 两 杯水 。,Làm_ơn cho chúng_tôi hai ly nước .
收到 我 的 电子 邮件 了 吗 ？,Tôi có nhận thư bằng đường_cao_tốc không ?
你 在 这儿 住 了 多久 啦 ？,Bạn đã ở đây bao_lâu rồi ?
你 的 房子 跟 这 间 相似 吗 ？,Bạn có bất_kỳ nhà_vệ_sinh nào không ?
这 是 我 第一 次 来 这里 。,Đây là lần đầu_tiên tôi đến đây .
你 的 女儿 。,con_gái của bạn .
你 知道 她 在 哪儿 吗 ？,Bạn có biết cô ấy ở đâu không ?
这些 书 很 贵 。,sách này rất đắt .
别 想 着 它 了 。,Làm_ơn đừng lo_lắng nó .
错 啦 。,Đúng rồi .
我 还 没 决定 。,Tôi chưa quyết_định .
你 能 帮 我 拿 一下 吗 ？,Bạn có_thể giúp tôi không ?
她 怎么样 ？,Cô ta như thế_nào ?
你 在 想 什么 ？,Bạn muốn ở chỗ nào ?
他 在 哪里 ？,Anh ấy đâu ở đâu ?
你 喜欢 看 电视 吗 ？,bạn thích xem tivi không ?
你 每 天 几 点 去 上班 ？,mỗi ngày bạn đi làm lúc mấy giờ ?
正在 下雨 。,đang mưa .
你 知道 现在 几 点 了 吗 ？,Bạn có biết bây_giờ mấy giờ không ?
我 还 可以 。,tôi còn có_thể nữa .
不 是 ， 是 晚上 。,"Không , không phải là đêm ."
好 的 ， 我 喜欢 那 个 地方 。,"Được , tôi thích nơi đó ."
你 好 ！ 先生 ， 你 想 现在 点菜 吗 ？,"Xin chào , thưa ông , bây_giờ muốn gọi món ?"
你 什么 时间 去 ？,Bạn sẽ đi lúc mấy giờ ?
她 很 好 。,Cô ta rất khoẻ .
很 好 。 你 多 大 了 ？,Bạn rất khoẻ nữa .
打扰 啦 ， 我 在 找 假日 酒店 ，,"Xin_lỗi , tôi đang tìm khách_sạn ."
如果 我 走 海 兰德 林荫路 会 不 会 快点 ？,"Tôi sẽ trở_về đường dài lâu_đời , nếu tôi đi đường dài hơn không ?"
不 ， 但是 她 英语 说 得 很 流利 。,"Cô ấy nói tiếng Anh , nhưng không nói tiếng Anh ."
是 的 ， 她 昨天 才 来 。,"hôm_qua mới , cô ấy mới đến ."
那 是 很 长 的 时间 呀 ，,đó rất nhiều thời_gian .
没有 那么 难 ， 如果 你 每 天 都 跟 你 的 美国 朋友 聊天 ， 你 就 会 学得 很 快 。,"nếu bạn không có gì , bạn nói với bạn là một ngày , tiếng đồng_hồ bạn , nếu không có thời_gian khác với bạn ."
当然 ， 你 需要 多少 ？,"đương_nhiên , bạn cần bao_nhiêu ?"
晚上 八点半 。,buổi tối .
你 都 买 什么 了 ？,bạn mua gì rồi ?
哦 ， 我 想 去 。,"Ồ , tôi muốn đi ."
但 愿 如此 。,nhưng ai đó đến bác_sĩ .
通常 是 在 像 感恩节 和 圣诞节 这样 的 假期 见面 。,Nó có những thời_gian vui_vẻ như thế này và thời_gian vui_vẻ .
哦 ， 你 的 眼镜 在 这里 ， 就 挨 着 你 的 手机 。,"Ồ , bạn sẽ ở đây trong số điện_thoại của bạn ."
头等舱 还 是 经济舱 。,Vé hạng nhất hay vé hạng hai .
那 我 该 把 那 边 的 纸放 在 哪儿 呢 ？,Tôi nên làm gì ở đằng kia ?
我 要 去 洗手 间 。,tôi muốn đi nhà_vệ_sinh .
可以 ， 请 快 一点 。 我 觉得 餐馆 马上 就 关门 啦 。,Xin vui_lòng sắp_xếp nhà_hàng đóng_cửa rồi .
当然 ， 看 这 边 ， 加拿大 在 美国 的 北面 。,"Chắc_chắn , ở phía bắc của Mỹ ."
不 ， 我 要 在 午饭 前 回到 酒店 ， 然后 躺 一会儿 。,"Không , trước khi cất_cánh , tôi phải trở_lại trước khách_sạn ."
好 的 ， 我 喜欢 那 个 餐馆 。,"Vâng , tôi thích một nhà_hàng ngon ."
本田 前面 的 蓝色 越野车 。,Chiếc xe màu xanh_lá cây màu xanh .
你 不 觉得 会 遇到 交通 阻塞 吗 ？,Bạn không nghĩ là bạn có_thể phát_hành tốt hơn phải không ?
是 的 ， 我 带 着 它们 呢 ， 你 想 看 一下 吗 ？,"Vâng , tôi muốn xem . Bạn có chúng không ?"
你 知道 她 喜欢 什么样 的 鲜花 吗 ？,Bạn có biết cô ấy không ?
您 想 让 我 帮 你 带 个 口信 吗 ？,Bạn có muốn tôi giúp tôi không ?
但是 今天 下午 下雨 啦 ，,nhưng chiều nay trời mưa rồi .
我 刚 下 地铁 ， 我 马上 就 到 啦 ，,"Tôi vừa đến ngay bây_giờ , vừa đến rồi tôi sẽ trở_lại"
时间 很 长 啦 。,Nó dài lâu rồi .
还 不 知道 ， 但是 我 想 成为 一 个 英语 翻译 。,"Tôi không biết , nhưng tôi muốn biết tiếng Anh một tiếng Anh không biết tiếng Anh ."
那样 很 好 ， 我 也 想 邀请 马橄去 ，,"tốt quá rồi , tôi cũng muốn làm_việc như thế thôi ."
请 问 您 可以 开 暖气 吗 ？ 这儿 真的 很 冷 。,xin hỏi ông có_thể thực_sự ở đây không ?
我 咳 得 很 厉害 。,Tôi rất nặng .
波士顿 保险 公司 ， 结束 后 我 打 电话 给 你 。,Tôi sẽ gọi cho bạn khi bảo_hiểm xe_hơi .
对 不 起 。 我 听 不 清楚 。,"Xin_lỗi , tôi không rõ ."
今天 外面 太 冷 啦 ，,"lạnh quá , hôm_nay"
我 胃疼 ， 头 也 疼 。,"đau dạ_dày , tôi cũng đau dạ_dày ."
你 的 名字 ？,Tên của bạn là gì ?
你 在 开玩笑 吧 ？,Bạn đang đùa à ?
嗯 ， 我 电脑 里 有 一 个 日历 ，,"Ờ , tôi có một cái máy_tính ."
你 用 什么 方式 支付 ？,Bạn sẽ trả bằng gì ?
好 的 ， 我 填 完 啦 ， 这样 可以 吗 ？,"Được rồi , tôi có_thể điền vào việc này được không ?"
我 今天 可以 在 家 里 工作 。,hôm_nay tôi có_thể làm_việc trong nhà .
我 的 电脑 坏啦 ， 所以 现在 我 不 能 发 邮件 ，,"Tôi không_thể phát_hiện máy_tính của tôi , do đó là máy_tính của tôi ."
只有 两 个 手提箱 。,Chỉ có hai cái .
我们 已经 经过 那 个 商店 三 次 啦 ，,Chúng_tôi đã đi qua ba lần trước đó .
没 问题 ， 我 会 帮 你 找 的 。,Không có vấn_đề gì . Tôi không tìm bạn .
向 左 一点 ， 然后 再 向 后 一点 。,"Sau đó , sau đó rẽ trái ."
没有 ， 尽管 按键 出来 啦 ，,"Không , làm thủ_tục , không chạy ."
它们 不 是 比 超市 的 要 贵 吗 ？,Nó không đắt tiền so với siêu_thị không ?
你 觉得 你 那时 有 时间 吗 ？,Bạn có nghĩ rằng thời_gian đó không ?
我 希望 我 没 吵醒 你 。,Tôi không hy_vọng bạn_vọng tôi .
你 的 手指 怎么 啦 ？,Bạn có cái nào như thế_nào ?
他 说 这 很 浪漫 。,Ông ấy nói rất nhiều .
我 要 告诉 你 爸爸 。,Tôi sẽ nói cho bạn biết .
有时 我 没 时间 做 的话 ， 我 就 带 外卖 或者 吃 快餐 。,"có nhiều thời_gian để ăn sáng , tôi không có thời_gian làm ."
你 下班 后 ， 想 让 我 去接 你 吗 ？,Bạn có muốn tôi trở_lại sân_khấu không ?
你 知道 谁 有 相机 吗 ？,Bạn có biết máy_ảnh của ai đó không ?
那 我 就 在 微波炉 里 热 一点 剩饭 吧 。,Tôi sẽ dùng một_ít pho_mát trong tủ_lạnh .
但是 我 觉得 我 应该 给 他 买 点 其它 东西 。,Tôi nghĩ tôi có_thể mua cho anh ấy thứ gì khác .
你 是 什么 专业 ？,chuyên_ngành của bạn là gì ?
不 会 呀 ， 我 有 两 个 朋友 也 住 在 这 栋 大楼 里面 ，,"ở đó có 2 người bạn , tôi cũng không biết ở bên cạnh ,"
你 有 感 兴趣 的 人 吗 ？,Bạn có ai quan_tâm đến chơi không ?
是 的 ， 我 昨晚 还 做 啦 ，,"Vâng , tối hôm_qua tôi còn làm qua tối_qua ."
你 为什么 要 买 一 台 新 电脑 呢 ？,tại_sao bạn muốn mua một máy_tính mới ?
我 想 有 两 个 人 死 啦 。,Tôi nghĩ có 2 người .
那 个 比赛 很 好 ， 不 是 吗 ？,"Đó không phải là một trận_đấu bóng tốt lắm , phải không ?"
你 可以 开会 儿车 吗 ？,Bạn có_thể đi xe không ?
你 是 怎么 学 的 呢 ？,làm_sao bạn học như thế_nào ?
我 知道 在 我 家 附近 的 一些 城镇 的 学校 在 找 老师 ，,tôi đang tìm một_số trường_học gần trường đại_học gần đây .
你 不 觉得 你 应该 给 她 买 点 贵重 一 点 的 东西 吗 ？,Bạn không nghĩ bạn có_thể mua gì đó cho cô ấy không ?
是 的 ， 有时 会 让 人 很 沮丧 ，,"có , rất nhiều người làm_ơn ."
听 起来 真的 很 有趣 ， 我 也 想 加入 。,"Thật thú_vị , tôi cũng rất thú_vị ."
他 学习 比 以前 好 了 。,anh ấy tốt hơn trước đây .
她 年轻 的 时候 长 得 很 美 。,Cô ấy bị Trung_Quốc rất đẹp .
大家 好 ！,chào mọi người !
天 很 冷 ！,lạnh quá !
怎么 说 ？,Tôi nói như thế_nào ?
太 可惜 了 。,thật đáng tiếc quá .
为什么 ？,Tại_sao ?
哪 一 张 ？,Làm_ơn cho cái nào ?
明天见 。,Gặp bạn ngày_mai .
我 累 了 。,tôi mệt rồi .
我们 很 欢迎 你们 再 来 。,Chúng_tôi rất vui khi bạn đến thăm nó .
晚点儿,trẻ_em
他 姓 什么 ？,anh ấy họ gì ?
能 见到 你 真 是 荣幸 。,Bạn có_thể gặp lại bạn .
她 在 人文 社会 科学 大学 当 老师 。,cô ấy đang học đại_học minh học đại_học minh .
我 很 忙 。,Tôi rất bận .
一般 般 。,Hai giờ 30 phút .
你 来 晚 了 。,bạn đến trễ rồi .
我 和 家人 一起 来 。,Tôi đến với gia_đình tôi .
我 第二 次 结婚 。,Tôi kết_hôn vào thứ hai .
水电 都 齐全 ， 交通 也 很 方便 。,"kiểu nước_ngoài , cũng rất thuận_lợi ."
代我 向 你 家人 问好 ！,vì người_nhà yêu_cầu của bạn !
白进,hoa_hồng trắng
我 去 买 菜 。,Tôi sẽ đi mua .
张林,Trương_Lâm
你 好 ， 近来 怎么样 ？,"chào bạn , ăn gần như thế_nào ?"
我 爸爸 出去 一会儿 就 回来 。,ba tôi sẽ đi ra ngoài 1 lát nữa .
洗手 间 在 那儿 。,Tại nhà_vệ_sinh ở đó .
你 去 过 大叻 了 吗 ？,bạn đã đi qua chưa ?
我们 再 去 买 点 东西 吧 ？,chúng_ta đi mua thêm chút gì nữa ?
你们 从 哪里 出发 ？,Bạn sẽ khởi_hành từ đâu ?
谢谢 。,Xin vui_lòng .
我 知道 这 是 我 的 错 。,Đó là lỗi của tôi .
真诚 分忧,đồng_ý
希望 只 是 一般 的 争吵 。,hy_vọng chỉ có một buổi biểu_diễn âm_nhạc .
餐桌 上 的 碟摆放 得 又 漂亮 又 抢眼 。,Hai mươi phần_trăm của bạn vừa đẹp .
晚 一点儿 去 吧 ！,1 chút đi !
哪儿 的话 ， 有空 常 来 聊天 。,"có thời_gian , nói_chuyện với tôi mới đến đâu ."
新 世界 饭店,khách_sạn tân thế_giới
祝 你 生日 快乐 ， 永远 青春 ， 永远 美丽 。,"chúc bạn , sinh_nhật vui_vẻ như_vẻ như thế_nào ."
三十 个 房间 都 住满 了 吗 ？,Phòng của ba mươi tuổi không ?
台 收音机,máy_tính cá_nhân
这 是 琼瑶 创作 的 第二 本 小说 。,Đây là một quyển từ_điển .
今天 星期一 吗 ？,hôm_nay ngày thứ hai phải không ?
他 在 六月 三十号 去 日本 。,Anh ấy sẽ đi đến Nhật_Bản vào ngày 6 tháng 6 .
我 七点 到 了 ， 等 你 一 个 小时 多 了 。,"Tôi đã chờ một giờ , bạn đến một giờ ."
越南 的 国庆节 是 几 月 几号 ？,ngày lễ quốc_khánh Việt_Nam là mấy tháng mấy ?
圣诞 晚会,buổi biểu_diễn
今天 气温 几 度 ？,hôm_nay mấy độ ?
我 最 怕 过 云雨 。,Tôi đã đi bộ qua an_toàn nhất .
我 才 二十 岁 ， 比 姐姐 小 四 岁 。,"chị nhỏ hơn 2 tuổi , tôi mới hơn 2 tuổi ."
你 猜错 了 ， 我 已经 七十六 了 。,"bạn đã đứng rồi , tôi đã nhầm rồi ."
他 是 新加坡 华侨 。,anh ta là người áo_khoác .
你 可以 看懂 英文 文件 吗 ？,bạn có_thể xem một_tí được không ?
这个 多少 钱 ？,Cái này bao_nhiêu tiền ?
我 住 在 安东 公寓楼 。,Tôi sống ở chung_cư nhà .
中国 大使馆 在 哪儿 ？,đại_sứ_quán Trung_Quốc ở đâu ?
医院 在 哪儿 ？,bệnh_viện ở đâu ?
不 远 。,Không xa lắm .
因为 在 芒街 有点 事 ， 所以 要 从 陆路 去 。,"vì vậy , do đó muốn đi đến một_chút ."
C 三零零,3 đồng
我 帮 你 找 一下 ， 是 不 是 这 本 ？,"đây là một quyển sách , bạn tìm anh phải không ?"
我们 正在 找 你 家 呢 。,Chúng_tôi đang tìm bạn .
你 要 黄色 的 还 是 蓝色 的 ？,Bạn muốn cái màu xanh hay màu xanh ?
你 和 王明 ， 谁 的 网球 打 得 好 ？,Bạn chơi quần_vợt với ai ?
颜色 很 好看 ， 我 很 喜欢 。,"rất thích màu_sắc , tôi rất thích ."
古芝 呢 ？,thẻ bảo_vệ thì sao ?
我 就 是 阿辉 ， 你 什么 时候 回来 的 ？,Tôi trở_về chuyến bay của bạn là lúc mấy giờ ?
别 这样 说 ， 我 去 那儿 留学 时 不 是 也 得到 你 的 帮助 嘛 。,"Đừng nói gì , tôi không phải là bạn nói_chuyện với tôi ."
早日 见 。,tạm_biệt .
从 小 我 已经 爱好 电动 机械 了 。,sở_thích của tôi là một_số công_việc .
我 的 手机 没 话费 了 ， 在 农村 没有 人 卖 电话卡 。,"Không , tôi đã không có điện_thoại_di_động trả tiền tại điện_thoại ."
只要 不断 努力 ， 就 一定 能 达到 目的 。,"nhất_định là được , nhất_định có_thể chăm_chỉ ."
这 要 根据 信 的 重量 。,căn_cứ loại này cần phải trả tiền xu .
妳要 把 这 邮包 寄到 哪里 ？,gửi bưu_phẩm này đi đâu ?
您 有 取信 单 吗 ?,ông có gửi thư không ?
请 给 我 秤秤 这个 包裹 。,Làm_ơn hãy gói này cho tôi .
零点二,nhiệt_độ .
我 有 一 间 在 第一 郡 的 房子 。,"Tôi đang ở chỗ trống một ngôi nhà , có một ngôi nhà ."
三亿 越 币 。,Ba mươi phần_trăm .
你 什么 时候 来 开房 ？,khi nào bạn mở_cửa ?
一 个 月 以上 减 百分之十 。,hơn một tháng .
每 月 付 租 不 可以 吗 ？,mỗi tháng có_thể thuê không ?
你 想 再 吃 点 什么 吗 ？,Bạn có muốn ăn gì không ?
助兴 乐队,tiết_kiệm một_chút
一 张 多少 ？,1 tấm bao_nhiêu ?
你 常 在 什么 时候 上网 ？,khi nào bạn nghỉ_ngơi ?
有 哪 个 网页 有 越 文 的 吗 ？,Có một trang_phục trang web trang_phục nào khác không ?
需要 时 你 就 喊 我 一 声 。,Tôi cần bạn khi tôi cần một cái va_li .
等 我 替 你 检查 一下 。,Tôi sẽ kiểm_tra nó cho bạn .
三十 款 以上 ， 送 相簿 和 大 相片 。,"trở_lại thành_công , các con dao và ba mươi xu ."
我 担保 ， 不 漂亮 不 收 钱 。,"Không , tôi không nhận tiền ."
万一,khách_sạn
这 是 三万 块 。,đây là đồng .
袖口,áo sơ_mi
瓜子,kết_hôn
我 想 来 烫发 ， 明天 下午 两 点 有空 吗 ？,"ngày_mai 2 giờ , tôi muốn đến lấy 2 giờ chiều ?"
照 原来 款式 理 ， 只 理短 一点 。,"kiểu tóc ngắn , chỉ xem thôi ."
请 不 要 剪 得 太 多 。,Làm_ơn đừng cắt quá nhiều .
剖眼泡 手术 很 轻巧 的 。,Thời_tiết rất thuận_tiện .
请 给 我 最 好 的 。,Xin vui_lòng chỉ cho tôi .
发票,ba
面额,mệnh_giá
上 星期 ， 我 在 这里 买 了 台 计算器 ， 但 它 不 能 用 。,"Không , tôi đã mua nó ở đây , nhưng nó không phải mua nó ở đây ."
我 想 退货 。,Tôi muốn trả lại hàng .
谁 编撰 的 呢 ？,lương của ai ?
满意 的 就 买 ， 要 不 在 那儿 也 有 卖 礼券 。,ở đó cũng không phải mua hàng .
你 有 没 有 这个 城市 的 风景 明信片 ？,Bạn có tấm bưu_thiếp của thành_phố này không ?
这 种 出口 的 只 四十九万一 条 。,loại này chỉ ra lối ra .
鞋子,giày
你 喜欢 什么 颜色 的 呢 ？,bạn thích màu gì ?
价钱 都 很 符合 一般 消费者 。,giá tiền như thế là rất lớn .
送货 的 事 呢 ？,đưa việc tiễn thì sao ?
先生 ， 这 是 牌价 。,"thưa ông , đây là giá ."
你 喜欢 哪 款式 ？,Bạn thích kiểu nào ?
你 想到 哪儿 ？,Bạn thích chỗ nào ?
请 问 ， 去 火车站 怎么 走 ？,"xin hỏi , đến trạm xe_lửa đi như thế_nào ?"
您 走 错道 了 。,ông đi sai rồi .
大概 停 三十 分钟 。,khoảng 30 phút .
你 有 晕眩 药 吗 ？,Bạn có thuốc chóng_mặt không ?
请 把 行李 放 在 传送 机上 。,Xin vui_lòng đặt hành_lý ở băng_chuyền .
我 要 转机 到 北京 。,tôi muốn chuyển đến Bắc_Kinh .
乘坐 二十三 路 公共 汽车 就 可以 进城 了 。,Chỉ cần đi xe_buýt số 8 giờ .
约 一 个 小时 。,Khoảng một giờ .
你 放心 ， 我 会 清楚 地 告诉 他 的 。,"bạn yên_tâm , tôi sẽ nói cho bạn biết ."
你 要 哪 一 类 车子 ？,chị muốn loại nào ?
你们 已经 去 过 哪 个 地方 游玩 了 ？,Các bạn đã đi du_lịch nơi nào ở đâu ?
游览 胡志明市 ， 一 天 时间 够 不 够 ？,"thăm một ngày , có đủ thời_gian không đủ thời_gian không ?"
这 次 游历 ， 您 要 了解 一些 什么 ？,"một_số lần này , ông cần những gì ?"
还 没有 具体 的 行程 。,Không có vấn_đề gì khác nữa .
钱包 里 有钱 和 信用证 。,Trong trường_hợp ví và tiền_lẻ .
我 有 高血压 。,Tôi có cao_huyết_áp .
X 光,an_toàn
那 我 就 不 用 担心 了 。,Tôi không cần lo_lắng về nó .
你 好 一点儿 了 吧 ？,bạn khoẻ không ?
这样 做 要 花 多少 钱 ？,Nó được bao_nhiêu cho như vậy ?
好 了 ， 我 知道 什么 毛病 了 ， 您 有 一 个 很 深 的 牙洞 。,"tôi biết rồi , còn 1 cái gì đó là rất tốt ."
这 眼睛 都 很 旧 了 ， 换 一 副 新 框 吧 。,"mắt đều rất dễ_chịu , mặc cái này ."
我 还 需要 一些 胶布 和 消毒 药膏 。,Tôi cần một_ít thuốc và thuốc đau bao_nhiêu .
这些 是 帮助 我 止咳 的 药 。,Đây là thuốc_lá giúp tôi .
好多 了 ， 谢谢 。,"cám_ơn , cám_ơn nhiều , cám_ơn ."
请 各位 举杯 祝贺 新婚 夫妻 。,xin chúc_mừng giáo_viên Bắc_Kinh .
我们 只 在 家 举行 婚礼 。,chúng_tôi chỉ có tổ_chức vào mùa đông .
在 学校 ， 学生 读到 六 年级 才 读 外语 。,học_sinh học tại học_sinh lớp mới học_sinh mới học_sinh .
技术 大学,đại_học
你 毕业 后 就 去 工作 吗 ？,sau khi tốt_nghiệp bạn đi làm không ?
你 是 商人 吧 ?,Bạn là đồ_đạc phải không ?
你 一定 有 一些 想法 。,nhất_định có ý_kiến trung_tâm .
你 常 看 哪份 报纸 ？,bạn thường xem báo gì ?
演奏 后 ， 最后 还 放 烟花 。,Cuối_cùng vẫn biểu_diễn tháng sau .
几 点 开演 ？,mấy giờ đóng_cửa ?
您 能 告诉 我 厕所 在 哪儿 吗 ？,ông có_thể cho tôi biết nhà_vệ_sinh ở đâu không ?
你 想 喝 点 什么 ？,Bạn muốn uống gì ?
大概 五十 个 字 。,khoảng 50 chữ .
这 是 一 个 难 答 的 问题 。,Đây là một vấn_đề hiểu .
你 喜欢 哪些 科目 ？,Bạn thích loại rượu_vang này phải không ?
大家 都 感到 特别 有 收获 。,Mọi người đều có tin_tức đặc_biệt .
你 很 有 敬业 精神 。,Bạn có rất hay .
话题 非常 广泛 。,"Rất tốt , và con_trai ."
别的 还 需要 什么 ？,còn cần gì nữa ?
您 稍等 一下儿 ， 好 吗 ？,"chào ông , một_chút không ?"
后天 成 吗 ？,ngày mốt là ngày mốt phải không ?
我 希望 从 下 个 星期 开始 休假 。,Tôi hy_vọng nó bắt_đầu vào tuần tới .
休假 是 每 位 员工 的 正当 权利 。,Một người đàn_ông đang tập thể_thao .
早上 好 ， 要 帮忙 吗 ？,"chào buổi sáng , được không ?"
每 次 要 一 个 两 毛 的 硬币 。,mỗi ngày 2 tháng đồng .
门票 要 多少 钱 ？,Mất bao_nhiêu tiền ?
请 等 一 等,xin đợi 1 chút
口试 很 好,làm_ơn rất tốt
我 姓 李 。,tôi họ Trương .
我 不 叫 李经 ， 我 叫 王商 。,"tôi gọi Kim_Anh , tôi tên là Mã_Tiểu_Minh ."
我 姓 赵 ， 我 经商 ， 你 呢 ?,"tôi Trương , còn bạn ?"
李静 要 喝 清水 ， 王商 不 要 喝 清水 。 你 呢 ？,"bạn muốn uống nước_đá , thì không ?"
张 副经理 ， 请 问 你 是 韩国人 还 是 日本人 ？,"xin hỏi , là người Nhật_Bản hay bạn ?"
对 。 以前 我 在 美国 华盛顿州 西雅图市 华盛顿 大学 上学 。 毕业 以后 我 一直 在 微软 公司 工作 ， 现在 是 微软 公司 亚太 部 经理 。,"Tôi đã đi đến Công_ty tiếp_theo , sau khi tốt_nghiệp đại_diện cho công_ty Công_ty Mỹ trong Công_ty Mỹ ."
你 的 工作 忙 吗 ？,công_việc của bạn bận không ?
您 觉得 不 会 写 汉字 不 要 紧 吧 ？,ông không cảm_thấy như thế_nào ?
陈 经理 正在 办公室 等 您 。 请 跟 我 来 。,làm_ơn đợi tôi đang chờ cho ông đến khi bạn đến khi tôi đang chờ .
他们 俩 可以 在 北京 国际 学校 上学 。 听 说 北京 国际 学校 很 有名 。,nghe nói tiếng Hoa ở Bắc_Kinh có_thể nghe ra Bắc_Kinh .
我 没有 去 ， 因为 我 太 累 了 。,"Bởi_vì tôi mệt quá , rất mệt ."
只要 有 决心 ， 你 的 计划 就 可以 实现 的 。,"Chỉ cần phải có kế_hoạch , bạn có_thể nghỉ_phép ."
他 很 年轻 ， 又 非常 能干 。,"rất nhiều , ông ấy rất hân_hạnh ."
我 四十 岁 .,tôi tuổi .
你 的 家人 都 好 吗 ?,Bạn đều có khỏe không ?
你 家 的 门牌 几 号 ?,nhà bạn số mấy ?
这 间 屋子 有 5 米 长 ， 3 米 宽 。,ở đây có 4 tờ một trăm mét .
一般 人 的 工资 在 800 元 上下 。,Người đàn_ông đứng vào mùa thu .
这个 周末 你 有空 吗 ?,cuối tuần này bạn có rảnh không ?
我们 在 这儿 照相 留 个 纪念 吧 。,chúng_ta ở đây để chụp hình chụp hình chụp hình nhe .
我们 很 喜欢 有 一 个 孩子 。,Chúng_tôi có một đứa trẻ .
到 了 ， 请 让 我 在 这儿 下车 。,"mời đến đây , để tôi xuống xe ."
我 是 广告 公司 的 经理 。,Đây là công_ty của tôi .
你 有别 的 电话 号码 吗 ?,Bạn có số điện_thoại nào khác không ?
这个 九月 我 考 毕业 试 .,tôi thường làm chương_trình tháng này .
远东 饭店 在 十字路 口 吗 ？,Bạn có ở khách_sạn Park không ?
下 个 月 我 的 生日 ， 你 送给 我 什么 礼物 ？,"sinh_nhật của tôi cho bạn , tháng tới là gì ?"
今天 我们 在 哪里 见面 ?,Hôm_nay chúng_ta gặp nhau ở đâu ?
你 有 几 个 姐妹 ?,Bạn có bao_nhiêu người anh ?
畏 ， 柜台 吗 ?,"Có , nó không ?"
不 要 吵 ， 安静 点儿 给 人家 工作 吗 ！,"không phải yên_tĩnh một_chút , làm_việc yên_tĩnh ."
我 想 请 你们 去 看 京剧 。,Tôi muốn mời các bạn đi xem kinh_doanh .
有 其它 颜色 的 马 ?,Bạn có màu khác không ?
南 无 大悲 观世音 菩萨,Nhà_vệ_sinh lớn đối_với hình lớn
好 ， 祝 你 心想 事成 。,"chúc bạn tốt_nghiệp , chúc bạn tốt_đẹp ."
每 年 收入 五千万 。,mỗi năm .
她 长 得 什么样 ？,Cô ấy phải mất bao_lâu ?
请 结账 吧 .,làm_ơn làm thủ_tục trả phòng .
随时 都 可以 。,Có_thể bất_cứ lúc nào .
中午 他们 在 学校 里 吃饭 ， 下午 四点半 才 放学 。,"Họ phục_vụ ăn cơm , buổi chiều trong trường chúng_tôi ăn cơm sáng ."
我 喜欢 看书 和 听 音乐 .,tôi thích nghe âm_nhạc và nhạc .
我 想 存 六 个 月 定期 的 存款 。,tôi muốn gửi bao_nhiêu tháng trong sáu .
现在 是 春天 ， 天气 很 暖和 。,"mùa xuân thời_tiết , thời_tiết rất đẹp ."
我 想 多 了解 你 。,Tôi muốn bạn biết .
麻烦 你 了,làm phiền bạn quá
那件 事 一定 不 会 再 发生 的 。,nhất_định sẽ không xảy_ra điều gì nữa .
出境 申请表,xuất_cảnh
我 还 需要 到 华语 中心 补习 。,tôi còn phải đến trung_tâm tiếng Trung_Quốc .
夏 龙湾 是 一 个 被 国际 公认 的 名胜 古迹 。,Đây là một tòa nhà công_viên tổng_cộng rất dễ_thương .
谢谢 ， 我 应该 付 多少 钱 ？,"cám_ơn , tôi nên trả bao_nhiêu tiền ?"
我 知道 了 。 我 公司 马上 开立 信用证 。,Tôi biết tôi đã có một công_ty bảo_hiểm .
你 完全 错 了 。,Đó là lỗi của bạn .
你 为什么 不 守时 ？,Tại_sao bạn không giới_thiệu ?
这 种 玩笑 可 不 能 随便 开 。,Cửa_hàng này không nên nói gì cũng được .
你 的 想法 很 好 ， 我 同意 你 的 观点 。,"Được rồi , tôi rất đồng_ý với bạn ."
因为 我们 是 好 朋友 ， 我 才 把 这 件 事 告诉 你 。,"vì vậy chúng_tôi nói với bạn đây , vì vậy chúng_tôi mới tốt cho bạn tôi ."
对 不 起 ， 我 的 酒量 不 大 ， 请 给 我 一 杯 矿泉水 吧 。,"Xin_lỗi , làm_ơn cho tôi một chai rượu_vang lớn ."
你 知道 目前 国际 市场 价格 是 上涨 很 厉害 的 。,Bạn biết một bộ_phận kế_hoạch có_thể có giá_trị đặc_biệt .
谢谢 您 。,cám_ơn ông .
我 对 集邮 很 感 兴趣 。,Tôi rất thích đồ_đạc .
要是 你 再 迟到 ， 我们 就 开除 你 。,"nếu bạn lại đến trễ , chúng_tôi sẽ trễ ngay sau ."
你 越 说 我 越 糊涂 。,Bạn nói gì tôi nói .
有 了 好 身体 ， 才 能 工作 。,"sức_khoẻ , có_thể tốt rồi ."
或者 你 去 ， 或者 我 去 ， 我们 有 一 个 人 去 。,"anh đi , chúng_tôi có 1 người , hoặc bạn đi ."
对 ， 灰心 是 失败 的 近邻 嘛 。,"Vâng , đúng vậy ."
今天 看 你 很 高兴 。,hôm_nay nhìn bạn rất vui .
我 喜欢 染 黑 棕色 。,Tôi thích màu đen .
我 会 常常 打 电话 跟 你 联络 .,tôi thường gọi điện_thoại với bạn .
他 曾经 有 一 个 人 吃 一 个 八 公斤 的 西瓜 的 记录 。,Anh ta có một người ăn tám giờ rưỡi .
这 条 路 去 哪 ？,Đường này đi đâu ?
真 不 好意思 。,thật áy_náy .
哪 辆 摩托车 是 他 的 ？,Anh ta là chiếc xe nào ?
最 好 是 到 湖滨 散散 步 。,Cách tốt nhất là đến Bắc_Kinh .
漂亮 是 漂亮 ， 但 我 想 要 一 个 小 一点儿 的 。,"Có , nhưng tôi muốn một cái đẹp nhỏ ."
预计 三十 席 左右 。,Thật là khoảng ba mươi phút .
激光 唱片,nhà_vệ_sinh
飞往 台北 的 班机 几 点 起飞 ？,Chuyến bay lúc mấy giờ cất_cánh ?
这个 药 怎么样 ？,thuốc này như thế_nào ?
他 有 很多 具体 的 分析 报告 。,Ông ấy có nhiều bản báo_cáo tai_nạn .
王 先生 ， 请 问 ， 现在 您 还 在 耐克 公司 工作 吗 ？,"thưa ông , xin hỏi ông Trần , hiện_tại đến công_ty bây_giờ vẫn còn đang làm_việc chứ ?"
请 你 留 个 电话 号码 ， 等 他 回来 打 电话 给 你 。,Xin vui_lòng gọi cho bạn số điện_thoại cho anh ta .
这里 有 取款机 吗 ？,Có gì ở đây không ?
很 感 兴趣 。 请 报 CIF ( 到岸价 ) 胡志明 ， 包括 5% 佣金 。,"Xin vui_lòng gửi nó đến quán cà_phê , máy_bay là rất đẹp ."
哪天 ？,ngày nào ?
我 真 舍 不 得 跟 你 说 再见 。,tôi thật không nói_chuyện với bạn nói_chuyện .
下 个 星期天 是 五月 二号 。,chủ_nhật tới là ngày 2 tháng 5 .
找到 了 。,Nó tìm thấy rồi .
胡志明市 陈兴道 街 B 段 八十九 号 。,Trần_Anh ở thành_phố hồ chí minh số điện_thoại .
按摩,massage
你 再 走 一 段 路 就 到 。,Bạn sẽ thấy nó ngay khi bạn đến một đường .
只 不过 是 轻度 的 气管 发炎 。,Nó chỉ bị viêm khí_quản .
你 想去 哪 家 夜总会 ？,Bạn sẽ đi đâu ?
对 ， 我们 都 是 商人 ， 也 是 同行 。,"đúng , chúng_tôi cũng đều là người Mỹ ."
我 很 荣幸 当 你们 的 导游 。,Tôi rất vui khi bạn hướng_dẫn_viên nói_chuyện với bạn .
请 你 给 我 看 菜单 。,Xin vui_lòng cho tôi xem thực_đơn .
他 是 个 稳重 的 人 。,Anh ta là người mới bắt_đầu .
今天 我 很 忙 ， 所以 不 能 来 看 你 。,"hôm_nay tôi rất bận , không_thể thăm anh ."
要 想 取得 好 成绩 ， 只有 努力 。,"Trương_Lệ có thành_tích , chỉ cần phải cố_gắng tốt ."
她 不但 结过婚 ， 而且 还 生 过 三 个 孩子 。,Cô ấy vẫn chưa bao_giờ đi qua ba khối nhà .
请进,mời vào
你 去 哪里,bạn đi đâu
不 好,không tốt
我 的 电话 号码 是 0918...,"tôi là số điện_thoại của Tiểu_Lý , số điện_thoại là"
这 间 屋子 有 5 米 长 ， 3 米 宽 。,ở đây có 4 tờ một trăm mét .
中国 大约 有 13 亿 人口 。,Nó có khoảng bốn trăm mét .
你 喜欢 养 什么 动物 ？,Bạn thích động_vật gì ?
整 包 多少 钱 ?,Nó giá bao_nhiêu ?
我 有 两 个 弟弟 正在 读书 。,tôi đang học 2 tiếng Anh .
有 没 有 11 号 到 河内 的 票 ？,có vé đến Hà_Nội không ?
我 是 商业 公司 的 经理 。,Tôi là nhân_viên của công_ty bảo_hiểm .
不 知道 ， 是 位 小姐 。,"cô , không biết cô ."
请 转 四六五 号 房间 .,mời vào phòng số 4 .
每 礼拜 你 上 几 节 课 ?,Bạn học mấy tiết ?
远东 饭店 在 范五 老 路 。,Tại khách_sạn Plaza .
我 今年 六十 岁 。,năm nay tôi năm tuổi .
哪,đâu
你 什么 时候 结婚 ?,khi nào bạn kết_hôn ?
住 一 个 晚上 要 多少 钱 ?,Mất bao_nhiêu cho một đêm ?
我们 的 房间 已经 住满 了 。,Phòng của chúng_tôi đã ở phòng .
不 要 吵 ， 安静 点儿 给 人家 工作 吗 ！,"không phải yên_tĩnh một_chút , làm_việc yên_tĩnh ."
畏 ， 王 太太 是 吗 ？,"bà Vương , có phải là bà Lâm không ?"
你 的 男朋友 什么 时候 来 台湾 。,khi nào bạn đến thăm nó .
我 会 给 你 百分之十 的 折扣 .,tôi sẽ giảm giá cho bạn một phần_trăm .
越南人 准备 过年 大概 也 象 这样 。,Thời_gian chuẩn_bị kết_hôn như vậy .
"不 , 他 已经 退休 了 .","không cần , ông ấy nghỉ hưu rồi ."
你 多 高 ？,Bạn cao bao_nhiêu ?
欢迎 ， 光临 !,"chào_mừng , xin chào !"
今天 我 请客 ， 我 来 付 钱 。,"hôm_nay tôi đến , tôi sẽ trả tiền hôm_nay ."
你 什么 时候 可以 上班 ？,khi nào bạn có_thể làm_việc ?
请 慢 一点 说 .,làm_ơn nói chậm hơn 1 chút .
你 的 爱好 是 什么 ？,sở_thích của bạn là gì ?
我 想 存款 。,Tôi muốn gửi nó nhanh .
今天 天气 怎么样 ?,hôm_nay thời_tiết như thế_nào ?
我 怕 今天 会 下雨 。,Tôi sẽ mưa vào ngày hôm_nay .
有 你 在 我 身边 ， 我 很 幸福 。,"Tôi có bạn ở đây , do đó tôi rất hạnh_phúc ."
我 错 了 。,tôi sai rồi .
请 你 原谅 我 。,xin anh thứ_lỗi cho tôi .
要 上 多少 税 ？,muốn bao_nhiêu thuế ?
中学 毕业 后 我 想 继续 读 大学 。,tôi muốn tiếp_tục học đại_học sau trường đại_học .
祝 你 万 事 意 ！,chúc bạn may_mắn !
这个 邮件 我 想 寄到 台湾 。,Tôi muốn gửi cái này đi bằng đường biển .
请 问 ， 我 想 寄 一 个 快递 到 广州 ， 几 天 能 到 ？,"xin hỏi , tôi muốn gửi 1 ngày đến ga số mấy ?"
我 知道 了 。 我 公司 马上 开立 信用证 。,Tôi biết tôi đã có một công_ty bảo_hiểm .
我 也 那么 想 。,"Sau đó , tôi cũng muốn ."
你 别 太 伤心 了 。,anh đừng lo_lắng .
你 的 想法 很 太 幼稚 了 。,Bạn đã hoàn_toàn rất nổi_tiếng .
你 别 那么 固执 了 。,vậy bạn đừng gọi rồi .
赶紧 说 重点 ， 废话 少 说 。,"Nói_chung , cô ấy nói_chuyện bị mất ."
请 各位 入席 吧 。,mời các vị cùng nhau nhe .
噢 ， 光顾 说 了 ， 请 用 菜 。,"Ồ , làm_ơn nói với món đó ."
如果 你们 订购 数量 多 ， 我们 就 同意 这个 价格 成交 。,"Nếu các bạn yên_tĩnh , thì chúng_tôi sẽ đồng_ý với giá_cả hợp_lý ."
不 客气 。 欢迎 您 再 来 光顾 我们 的 展区 .,Chúng_tôi không_thể chào_đón ông đến phòng khách_sạn .
我 喜欢 这 种 运动 。,Tôi thích môn thể_thao này .
不 准 在 医院 里 抽烟 。,Nó không được hút thuốc trong bệnh_viện .
嘿 ， 你 怎么 来 了 ？,"Hê , bạn đến như thế_nào rồi ?"
他 没 参加 考试 的 理由 是 他 妈妈 病 了 。,cha_mẹ anh ấy đã hết hạn rồi .
我 家 有 两 台 电脑 ， 一 台 是 手提 的 ， 另 一 台 是 桌式 的 。,"Có , tôi có một máy_tính bằng máy_tính ."
我 知道 ， 电话 在 哪 ?,Tôi biết . Tôi có_thể gọi điện_thoại ở đâu ?
你 有 这样 的 信心 吗 ？,Bạn có đồng_hồ nào giống như vậy không ?
这 是 我们 小小 的 礼物 ， 祝 你 生日 快乐 。,"đây là món quà nhỏ của chúng_tôi , chúc bạn vui_vẻ ."
你 还 刮 胡子 吗 ？,Bạn vẫn còn đồng_hồ phải không ?
谢谢 ， 看到 这些 礼物 ， 我 就 会 想到 你们 。,"cám_ơn các bạn , tôi sẽ thấy những món quà này ."
真的 很 好 ， 你 看 过 这 本 小说 吗 ？,quyển tiểu_thuyết này thật tốt . Bạn thấy một quyển tiểu_thuyết tốt chưa ?
这样 吗 ， 我 马上 叫 他 过来 。,"tôi tên , anh ấy tên như vậy ."
坐 汽车 呢 ?,đi xe_hơi thì sao ?
